Workbook
Name \0: #REF!
Name \a: #REF!
Name \b: #REF!
Name \m: [1]Laco1!#REF!
Name \q: [1]Laco1!#REF!
Name \s: #REF!
Name _1_0o: #REF!
Name _10_0m: #REF!
Name _11_0s: #REF!
Name _12f: #REF!
Name _13l: #REF!
Name _14m: #REF!
Name _15m: #REF!
Name _16s: #REF!
Name _2o: #REF!
Name _3_0n: #REF!
Name _4n: #REF!
Name _5_0g: #REF!
Name _6g: #REF!
Name _7_0f: #REF!
Name _8_0l: #REF!
Name _9_0m: #REF!
Name _apr1: #REF!
Name _AQP45: #REF!
Name _B559000: [2]MARcomFEV01!$B$5925:$IV$10908
Name _B559000: [3]MARcomFEV01!$B$5925:$IV$10908
Name _Cil48: #REF!
Name _DAT1: #REF!
Name _DAT10: #REF!
Name _DAT11: #REF!
Name _DAT11: '[4]BASE PFC'!#REF!
Name _DAT12: #REF!
Name _DAT12: '[4]BASE PFC'!#REF!
Name _DAT13: #REF!
Name _DAT14: #REF!
Name _DAT14: '[4]BASE PFC'!#REF!
Name _DAT15: #REF!
Name _DAT15: '[4]BASE PFC'!#REF!
Name _DAT16: #REF!
Name _DAT16: '[4]BASE PFC'!#REF!
Name _DAT17: #REF!
Name _DAT17: '[4]BASE PFC'!#REF!
Name _DAT18: #REF!
Name _DAT19: '[4]BASE PFC'!#REF!
Name _DAT2: #REF!
Name _DAT3: #REF!
Name _DAT4: #REF!
Name _DAT5: #REF!
Name _DAT5: '[4]BASE PFC'!#REF!
Name _DAT6: #REF!
Name _DAT7: #REF!
Name _DAT8: #REF!
Name _DAT9: #REF!
Name _dic1: #REF!
Name _feb1: #REF!
Name _gen1: #REF!
Name _giu1: #REF!
Name _int01: [0]!_int01
Name _LAC11: #REF!
Name _LAC12: #REF!

Sheet Grafico
B1: Geral - Manutenção
B2: Índice de Execução de Preventivas - Real 16/17 e Meta 16/17

Sheet Dados
A1: Índice Execução Preventivas - Fab. 04
A3: MESES | B3: Bdg 04/05 | C3: Bdg 05/06 | D3: Bdg 06/07 | E3: Bdg 07/08 | F3: Bdg 08/09 | G3: Bdg 09/10 | H3: Bdg 10/11 | I3: Bdg 11/12 | J3: Bdg 12/13 | K3: Bdg 13/14 | L3: Bdg 14/15 | M3: Bdg 15/16 | N3: 42552 | O3: 42583 | P3: 42614 | Q3: 42644 | R3: 42675 | S3: 42705 | T3: 42736 | U3: 42767 | V3: 42795 | W3: 42826 | X3: 42856 | Y3: 42887 | Z3: Acum. 16/17 | AA3: Meta 16/17
A4: Real 16/17 | N4: 96.2 | O4: 59.5 | P4: 96.7 | Q4: 74.5 | R4: 83.3 | S4: 34 | T4: 67.6 | U4: 33.9
A5: Meta 16/17 | N5: 80 | O5: 80 | P5: 80 | Q5: 80 | R5: 80 | S5: 80 | T5: 80 | U5: 80 | V5: 80 | W5: 80 | X5: 80 | Y5: 80
A6: Acumulado | B6: 96.6 | C6: 94.1 | D6: 97.1 | E6: 97 | F6: 90.5 | G6: 76.7 | H6: 93.1 | I6: 47.4 | J6: 72.9 | K6: 72.8 | L6: 82.3 | M6: 53 | Z6: 66.3 | AA6: 80
A7: Acum Meta | B7: 95 | C7: 96 | D7: 97 | E7: 97 | F7: 97 | G7: 97 | H7: 97 | I7: 97 | J7: 97 | K7: 97 | L7: 80 | M7: 80
A9: Índice Execução Preventivas - Fab. 01
A11: MESES | B11: Bdg 04/05 | C11: Bdg 05/06 | D11: Bdg 06/07 | E11: Bdg 07/08 | F11: Bdg 08/09 | G11: Bdg 09/10 | H11: Bdg 10/11 | I11: Bdg 11/12 | J11: Bdg 12/13 | K11: Bdg 13/14 | L11: Bdg 14/15 | M11: Bdg 15/16 | N11: 42552 | O11: 42583 | P11: 42614 | Q11: 42644 | R11: 42675 | S11: 42705 | T11: 42736 | U11: 42767 | V11: 42795 | W11: 42826 | X11: 42856 | Y11: 42887 | Z11: Acum. 16/17 | AA11: Meta 16/17
A12: Real 16/17 | N12: 81.6 | O12: 29.7 | P12: 98.2 | Q12: 21.9 | R12: 97.6 | S12: 97.7 | T12: 92.5 | U12: 2.1
A13: Meta 16/17 | N13: 80 | O13: 80 | P13: 80 | Q13: 80 | R13: 80 | S13: 80 | T13: 80 | U13: 80 | V13: 80 | W13: 80 | X13: 80 | Y13: 80
A14: Acumulado | B14: 96.2 | C14: 96.7 | D14: 97.3 | E14: 97.4 | F14: 99.1 | G14: 98.7 | H14: 98.4 | I14: 93.5 | J14: 95.9 | K14: 75.4 | L14: 86.8 | M14: 84.3 | Z14: 60.3 | AA14: 80
A15: Acum Meta | B15: 95 | C15: 96 | D15: 97 | E15: 97 | F15: 97 | G15: 97 | H15: 97 | I15: 97 | J15: 97 | K15: 97 | L15: 80 | M15: 80
A17: Índice Execução Preventivas - Fab. 03/10
A19: MESES | B19: Bdg 04/05 | C19: Bdg 05/06 | D19: Bdg 06/07 | E19: Bdg 07/08 | F19: Bdg 08/09 | G19: Bdg 09/10 | H19: Bdg 10/11 | I19: Bdg 11/12 | J19: Bdg 12/13 | K19: Bdg 13/14 | L19: Bdg 14/15 | M19: Bdg 15/16 | N19: 42552 | O19: 42583 | P19: 42614 | Q19: 42644 | R19: 42675 | S19: 42705 | T19: 42736 | U19: 42767 | V19: 42795 | W19: 42826 | X19: 42856 | Y19: 42887 | Z19: Acum. 16/17 | AA19: Meta 16/17
A20: Real 16/17 | N20: 77.4 | O20: 97.1 | P20: 71.8 | Q20: 100 | U20: 21.9
A21: Meta 16/17 | N21: 80 | O21: 80 | P21: 80 | Q21: 80 | R21: 80 | S21: 80 | T21: 80 | U21: 80 | V21: 80 | W21: 80 | X21: 80 | Y21: 80
A22: Acumulado | B22: 96 | C22: 98.1 | D22: 98.5 | E22: 99.2 | F22: 100 | G22: 98.6 | H22: 97.7 | I22: 100 | K22: 100 | L22: 78.9 | M22: 84.7 | Z22: 69.9 | AA22: 80
A23: Acum Meta | B23: 95 | C23: 96 | D23: 97 | E23: 97 | F23: 97 | G23: 97 | H23: 97 | I23: 97 | J23: 97 | K23: 97 | L23: 80 | M23: 80
A25: Índice Execução Preventivas - Solda Conectores
A27: MESES | B27: Bdg 04/05 | C27: Bdg 05/06 | D27: Bdg 06/07 | E27: Bdg 07/08 | F27: Bdg 08/09 | G27: Bdg 09/10 | H27: Bdg 10/11 | I27: Bdg 11/12 | J27: Bdg 12/13 | K27: Bdg 13/14 | L27: Bdg 14/15 | M27: Bdg 15/16 | N27: 42552 | O27: 42583 | P27: 42614 | Q27: 42644 | R27: 42675 | S27: 42705 | T27: 42736 | U27: 42767 | V27: 42795 | W27: 42826 | X27: 42856 | Y27: 42887 | Z27: Acum. 16/17 | AA27: Meta 16/17
A28: Real 16/17 | N28: 76.9 | O28: 83.3 | P28: 100 | Q28: 100 | R28: 66.7 | S28: 100 | T28: 100 | U28: 78.3
A29: Meta 16/17 | N29: 80 | O29: 80 | P29: 80 | Q29: 80 | R29: 80 | S29: 80 | T29: 80 | U29: 80 | V29: 80 | W29: 80 | X29: 80 | Y29: 80
A30: Acumulado | B30: 96 | C30: 98.1 | D30: 98.5 | J30: 100 | K30: 91.1 | L30: 80.7 | M30: 85.1 | Z30: 90.6 | AA30: 80
A31: Acum Meta | B31: 95 | C31: 96 | D31: 97 | J31: 97 | K31: 97 | L31: 80 | M31: 80
A33: Índice Execução Preventivas - Fab. 06
A35: MESES | B35: Bdg 04/05 | C35: Bdg 05/06 | D35: Bdg 06/07 | E35: Bdg 07/08 | F35: Bdg 08/09 | G35: Bdg 09/10 | H35: Bdg 10/11 | I35: Bdg 11/12 | J35: Bdg 12/13 | K35: Bdg 13/14 | L35: Bdg 14/15 | M35: Bdg 15/16 | N35: 42552 | O35: 42583 | P35: 42614 | Q35: 42644 | R35: 42675 | S35: 42705 | T35: 42736 | U35: 42767 | V35: 42795 | W35: 42826 | X35: 42856 | Y35: 42887 | Z35: Acum. 16/17 | AA35: Meta 16/17
A36: Real 16/17 | P36: 0 | T36: 100 | U36: 0
A37: Meta 16/17 | N37: 80 | O37: 80 | P37: 80 | Q37: 80 | R37: 80 | S37: 80 | T37: 80 | U37: 80 | V37: 80 | W37: 80 | X37: 80 | Y37: 80
A38: Acumulado | B38: 95 | C38: 95.5 | D38: 99.5 | E38: 98.9 | F38: 99.4 | G38: 99.4 | H38: 99.1 | I38: 99 | J38: 87.8 | K38: 79.7 | L38: 99.6 | M38: 92.5 | Z38: 45.5 | AA38: 80
A39: Acum Meta | B39: 95 | C39: 96 | D39: 97 | E39: 97 | F39: 97 | G39: 97 | H39: 97 | I39: 97 | J39: 97 | K39: 97 | L39: 80 | M39: 80
A41: Índice Execução Preventivas - Toto
A43: MESES | B43: Bdg 04/05 | C43: Bdg 05/06 | D43: Bdg 06/07 | E43: Bdg 07/08 | F43: Bdg 08/09 | G43: Bdg 09/10 | H43: Bdg 10/11 | I43: Bdg 11/12 | J43: Bdg 12/13 | K43: Bdg 13/14 | L43: Bdg 14/15 | M43: Bdg 15/16 | N43: 42552 | O43: 42583 | P43: 42614 | Q43: 42644 | R43: 42675 | S43: 42705 | T43: 42736 | U43: 42767 | V43: 42795 | W43: 42826 | X43: 42856 | Y43: 42887 | Z43: Acum. 16/17 | AA43: Meta 16/17
A44: Real 16/17
A45: Meta 16/17 | N45: 80 | O45: 80 | P45: 80 | Q45: 80 | R45: 80 | S45: 80 | T45: 80 | U45: 80 | V45: 80 | W45: 80 | X45: 80 | Y45: 80
A46: Acumulado | B46: 93.1 | C46: 98.1 | D46: 100 | E46: 99.4 | F46: 99.6 | G46: 100 | H46: 100 | I46: 97.3 | J46: 78 | K46: 89.2 | L46: 95.8 | M46: 97.9 | AA46: 80
A47: Acum Meta | B47: 95 | C47: 96 | D47: 97 | E47: 97 | F47: 97 | G47: 97 | H47: 97 | I47: 97 | J47: 97 | K47: 97 | L47: 80 | M47: 80
A49: Índice Execução Preventivas - Conector
A51: MESES | B51: Bdg 04/05 | C51: Bdg 05/06 | D51: Bdg 06/07 | E51: Bdg 07/08 | F51: Bdg 08/09 | G51: Bdg 09/10 | H51: Bdg 10/11 | I51: Bdg 11/12 | J51: Bdg 12/13 | K51: Bdg 13/14 | L51: Bdg 14/15 | M51: Bdg 15/16 | N51: 42552 | O51: 42583 | P51: 42614 | Q51: 42644 | R51: 42675 | S51: 42705 | T51: 42736 | U51: 42767 | V51: 42795 | W51: 42826 | X51: 42856 | Y51: 42887 | Z51: Acum. 16/17 | AA51: Meta 16/17
A52: Real 16/17 | N52: 33.3 | O52: 100 | P52: 61.5 | Q52: 92.3 | R52: 100 | S52: 20 | T52: 72.7 | U52: 100
A53: Meta 16/17 | N53: 80 | O53: 80 | P53: 80 | Q53: 80 | R53: 80 | S53: 80 | T53: 80 | U53: 80 | V53: 80 | W53: 80 | X53: 80 | Y53: 80
A54: Acumulado | B54: 98.3 | C54: 94.6 | D54: 99 | E54: 100 | F54: 100 | M54: 98.1 | Z54: 71.2 | AA54: 80
A55: Acum Meta | B55: 95 | C55: 96 | D55: 97 | E55: 97 | F55: 97 | G55: 97 | H55: 97 | I55: 97 | J55: 97 | K55: 97 | L55: 80 | M55: 80
A57: Índice Execução Preventivas - Rev. 03
A59: MESES | B59: Bdg 04/05 | C59: Bdg 05/06 | D59: Bdg 06/07 | E59: Bdg 07/08 | F59: Bdg 08/09 | G59: Bdg 09/10 | H59: Bdg 10/11 | I59: Bdg 11/12 | J59: Bdg 12/13 | K59: Bdg 13/14 | L59: Bdg 14/15 | M59: Bdg 15/16 | N59: 42552 | O59: 42583 | P59: 42614 | Q59: 42644 | R59: 42675 | S59: 42705 | T59: 42736 | U59: 42767 | V59: 42795 | W59: 42826 | X59: 42856 | Y59: 42887 | Z59: Acum. 16/17 | AA59: Meta 16/17
A60: Real 16/17 | N60: 61.9 | O60: 100 | P60: 100 | Q60: 100 | R60: 100 | T60: 100 | U60: 100
A61: Meta 16/17 | N61: 80 | O61: 80 | P61: 80 | Q61: 80 | R61: 80 | S61: 80 | T61: 80 | U61: 80 | V61: 80 | W61: 80 | X61: 80 | Y61: 80
A62: Acumulado | B62: 98.9 | C62: 97.2 | D62: 100 | H62: 100 | I62: 93.2 | J62: 86.5 | K62: 91.7 | L62: 91.3 | M62: 73 | Z62: 84.6 | AA62: 80
A63: Acum Meta | B63: 95 | C63: 96 | D63: 97 | E63: 97 | F63: 97 | G63: 97 | H63: 97 | I63: 97 | J63: 97 | K63: 97 | L63: 80 | M63: 80
A65: Índice Execução Preventivas - Rev. 04
A67: MESES | B67: Bdg 04/05 | C67: Bdg 05/06 | D67: Bdg 06/07 | E67: Bdg 07/08 | F67: Bdg 08/09 | G67: Bdg 09/10 | H67: Bdg 10/11 | I67: Bdg 11/12 | J67: Bdg 12/13 | K67: Bdg 13/14 | L67: Bdg 14/15 | M67: Bdg 15/16 | N67: 42552 | O67: 42583 | P67: 42614 | Q67: 42644 | R67: 42675 | S67: 42705 | T67: 42736 | U67: 42767 | V67: 42795 | W67: 42826 | X67: 42856 | Y67: 42887 | Z67: Acum. 16/17 | AA67: Meta 16/17
A68: Real 16/17 | N68: 84.4 | O68: 95.2 | P68: 100 | Q68: 77.8 | R68: 100 | S68: 97.3 | T68: 71.7 | U68: 100
A69: Meta 16/17 | N69: 80 | O69: 80 | P69: 80 | Q69: 80 | R69: 80 | S69: 80 | T69: 80 | U69: 80 | V69: 80 | W69: 80 | X69: 80 | Y69: 80
A70: Acumulado | B70: 98.2 | C70: 95.6 | D70: 99.2 | E70: 99.4 | F70: 99.6 | G70: 100 | H70: 98.8 | I70: 98.3 | J70: 91.5 | K70: 66.8 | L70: 90.9 | M70: 91.2 | Z70: 90.6 | AA70: 80
A71: Acum Meta | B71: 95 | C71: 96 | D71: 97 | E71: 97 | F71: 97 | G71: 97 | H71: 97 | I71: 97 | J71: 97 | K71: 97 | L71: 80 | M71: 80
A73: Índice Execução Preventivas - Pontes
A75: MESES | B75: Bdg 04/05 | C75: Bdg 05/06 | D75: Bdg 06/07 | E75: Bdg 07/08 | F75: Bdg 08/09 | G75: Bdg 09/10 | H75: Bdg 10/11 | I75: Bdg 11/12 | J75: Bdg 12/13 | K75: Bdg 13/14 | L75: Bdg 14/15 | M75: Bdg 15/16 | N75: 42552 | O75: 42583 | P75: 42614 | Q75: 42644 | R75: 42675 | S75: 42705 | T75: 42736 | U75: 42767 | V75: 42795 | W75: 42826 | X75: 42856 | Y75: 42887 | Z75: Acum. 16/17 | AA75: Meta 16/17
A76: Real 16/17 | N76: 39.8 | O76: 38.5 | P76: 83.3 | Q76: 18.7 | R76: 24.7 | S76: 10.1 | T76: 70.8 | U76: 72
A77: Meta 16/17 | N77: 90 | O77: 90 | P77: 90 | Q77: 90 | R77: 90 | S77: 90 | T77: 90 | U77: 90 | V77: 90 | W77: 90 | X77: 90 | Y77: 90
A78: Acumulado | B78: 94.6 | C78: 80.5 | D78: 98.5 | E78: 98.2 | F78: 99.7 | G78: 99.3 | H78: 99.2 | I78: 97.4 | J78: 92.1 | K78: 88.4 | L78: 75.2 | M78: 53.4 | Z78: 39.2 | AA78: 90
A79: Acum Meta | B79: 95 | C79: 96 | D79: 97 | E79: 97 | F79: 97 | G79: 97 | H79: 97 | I79: 97 | J79: 97 | K79: 97 | L79: 90 | M79: 90
A81: Índice Execução Preventivas - END
A83: MESES | B83: Bdg 04/05 | C83: Bdg 05/06 | D83: Bdg 06/07 | E83: Bdg 07/08 | F83: Bdg 08/09 | G83: Bdg 09/10 | H83: Bdg 10/11 | I83: Bdg 11/12 | J83: Bdg 12/13 | K83: Bdg 13/14 | L83: Bdg 14/15 | M83: Bdg 15/16 | N83: 42552 | O83: 42583 | P83: 42614 | Q83: 42644 | R83: 42675 | S83: 42705 | T83: 42736 | U83: 42767 | V83: 42795 | W83: 42826 | X83: 42856 | Y83: 42887 | Z83: Acum. 16/17 | AA83: Meta 16/17
A84: Real 16/17 | N84: 75 | O84: 80.6 | P84: 79.4 | Q84: 67.9 | R84: 43.3 | S84: 6.3 | T84: 41.4 | U84: 6.1
A85: Meta 16/17 | N85: 95 | O85: 95 | P85: 95 | Q85: 95 | R85: 95 | S85: 95 | T85: 95 | U85: 95 | V85: 95 | W85: 95 | X85: 95 | Y85: 95
A86: Acumulado | B86: 94.6 | H86: 87.5 | I86: 92.3 | J86: 96.5 | K86: 93.6 | L86: 79.4 | M86: 64.1 | Z86: 50.6 | AA86: 95
A87: Acum Meta | B87: 95 | C87: 96 | D87: 97 | E87: 97 | F87: 97 | G87: 97 | H87: 97 | I87: 97 | J87: 97 | K87: 97 | L87: 95 | M87: 95
A89: Índice Execução Preventivas - Total Manutenção
A91: MESES | B91: Bdg 04/05 | C91: Bdg 05/06 | D91: Bdg 06/07 | E91: Bdg 07/08 | F91: Bdg 08/09 | G91: Bdg 09/10 | H91: Bdg 10/11 | I91: Bdg 11/12 | J91: Bdg 12/13 | K91: Bdg 13/14 | L91: Bdg 14/15 | M91: Bdg 15/16 | N91: 42552 | O91: 42583 | P91: 42614 | Q91: 42644 | R91: 42675 | S91: 42705 | T91: 42736 | U91: 42767 | V91: 42795 | W91: 42826 | X91: 42856 | Y91: 42887 | Z91: Acum. 16/17 | AA91: Meta 16/17
A92: Real 16/17 | N92: 64 | O92: 54.6 | P92: 89.5 | Q92: 55.2 | R92: 76.9 | S92: 50.6 | T92: 71.5 | U92: 35.9
A93: Meta 16/17 | N93: 81 | O93: 81 | P93: 81 | Q93: 81 | R93: 81 | S93: 81 | T93: 81 | U93: 81 | V93: 81 | W93: 81 | X93: 81 | Y93: 81
A94: Acumulado | B94: 96 | C94: 96.3 | D94: 97.8 | E94: 97.9 | F94: 97.5 | G94: 94.5 | H94: 97.8 | I94: 88.9 | J94: 88.1 | K94: 78.5 | L94: 83.5 | M94: 69.8 | Z94: 61.3 | AA94: 81
A95: Acum Meta | B95: 95 | C95: 96 | D95: 97 | E95: 97 | F95: 97 | G95: 97 | H95: 97 | I95: 97 | J95: 97 | K95: 97 | L95: 81 | M95: 81
A97: Índice Execução Preventivas - Total MOCT
A99: MESES | B99: Bdg 04/05 | C99: Bdg 05/06 | D99: Bdg 06/07 | E99: Bdg 07/08 | F99: Bdg 08/09 | G99: Bdg 09/10 | H99: Bdg 10/11 | I99: Bdg 11/12 | J99: Bdg 12/13 | K99: Bdg 13/14 | L99: Bdg 14/15 | M99: Bdg 15/16 | N99: 42552 | O99: 42583 | P99: 42614 | Q99: 42644 | R99: 42675 | S99: 42705 | T99: 42736 | U99: 42767 | V99: 42795 | W99: 42826 | X99: 42856 | Y99: 42887 | Z99: Acum. 16/17 | AA99: Meta 16/17
A100: Real 16/17 | N100: 33.3 | O100: 100 | P100: 57.1 | Q100: 92.3 | R100: 100 | S100: 20 | T100: 81.3 | U100: 28.6
A101: Meta 16/17 | N101: 80 | O101: 80 | P101: 80 | Q101: 80 | R101: 80 | S101: 80 | T101: 80 | U101: 80 | V101: 80 | W101: 80 | X101: 80 | Y101: 80
A102: Acumulado | B102: 95 | C102: 95.5 | D102: 99.4 | E102: 99.3 | F102: 99.6 | G102: 99.6 | H102: 99.2 | I102: 97.9 | J102: 87 | K102: 83.5 | L102: 95.6 | M102: 97.2 | Z102: 74.3 | AA102: 80
A103: Acum Meta | B103: 95 | C103: 96 | D103: 97 | E103: 97 | F103: 97 | G103: 97 | H103: 97 | I103: 97 | J103: 97 | K103: 97 | L103: 80 | M103: 80
A105: Índice Execução Preventivas - Total MEHE
A107: MESES | B107: Bdg 04/05 | C107: Bdg 05/06 | D107: Bdg 06/07 | E107: Bdg 07/08 | F107: Bdg 08/09 | G107: Bdg 09/10 | H107: Bdg 10/11 | I107: Bdg 11/12 | J107: Bdg 12/13 | K107: Bdg 13/14 | L107: Bdg 14/15 | M107: Bdg 15/16 | N107: 42552 | O107: 42583 | P107: 42614 | Q107: 42644 | R107: 42675 | S107: 42705 | T107: 42736 | U107: 42767 | V107: 42795 | W107: 42826 | X107: 42856 | Y107: 42887 | Z107: Acum. 16/17 | AA107: Meta 16/17
A108: Real 16/17 | N108: 80.2 | O108: 45 | P108: 92.2 | Q108: 32.6 | R108: 91.9 | S108: 98.2 | T108: 93.5 | U108: 14.2
A109: Meta 16/17 | N109: 80 | O109: 80 | P109: 80 | Q109: 80 | R109: 80 | S109: 80 | T109: 80 | U109: 80 | V109: 80 | W109: 80 | X109: 80 | Y109: 80
A110: Acumulado | B110: 95 | C110: 95.5 | D110: 97.5 | E110: 97.7 | F110: 99.3 | G110: 98.7 | H110: 98.2 | I110: 93.5 | J110: 96.1 | K110: 75.8 | L110: 85.3 | M110: 84.5 | Z110: 64.6 | AA110: 80
A111: Acum Meta | B111: 95 | C111: 96 | D111: 97 | E111: 97 | F111: 97 | G111: 97 | H111: 97 | I111: 97 | J111: 97 | K111: 97 | L111: 80 | M111: 80
A114: Índice Execução Preventivas - Total COAT
A116: MESES | B116: Bdg 04/05 | C116: Bdg 05/06 | D116: Bdg 06/07 | E116: Bdg 07/08 | F116: Bdg 08/09 | G116: Bdg 09/10 | H116: Bdg 10/11 | I116: Bdg 11/12 | J116: Bdg 12/13 | K116: Bdg 13/14 | L116: Bdg 14/15 | M116: Bdg 15/16 | N116: 42552 | O116: 42583 | P116: 42614 | Q116: 42644 | R116: 42675 | S116: 42705 | T116: 42736 | U116: 42767 | V116: 42795 | W116: 42826 | X116: 42856 | Y116: 42887 | Z116: Acum. 16/17 | AA116: Meta 16/17
A117: Real 16/17 | N117: 34 | O117: 96.8 | P117: 100 | Q117: 84.7 | R117: 98.8 | S117: 85.6 | T117: 65.3 | U117: 72
A118: Meta 16/17 | N118: 80 | O118: 80 | P118: 80 | Q118: 80 | R118: 80 | S118: 80 | T118: 80 | U118: 80 | V118: 80 | W118: 80 | X118: 80 | Y118: 80
A119: Acumulado | B119: 95 | E119: 100 | F119: 100 | K119: 74.1 | L119: 82.2 | M119: 81.9 | Z119: 73.5 | AA119: 80
A120: Acum Meta | B120: 95 | C120: 96 | D120: 97 | E120: 97 | F120: 97 | K120: 97 | L120: 80 | M120: 80
A122: Índice Execução Preventivas - Oficina de Veiculos
A124: MESES | B124: Bdg 04/05 | C124: Bdg 05/06 | D124: Bdg 06/07 | E124: Bdg 07/08 | F124: Bdg 08/09 | G124: Bdg 09/10 | H124: Bdg 10/11 | I124: Bdg 11/12 | J124: Bdg 12/13 | K124: Bdg 13/14 | L124: Bdg 14/15 | M124: Bdg 15/16 | N124: 42552 | O124: 42583 | P124: 42614 | Q124: 42644 | R124: 42675 | S124: 42705 | T124: 42736 | U124: 42767 | V124: 42795 | W124: 42826 | X124: 42856 | Y124: 42887 | Z124: Acum. 16/17 | AA124: Meta 16/17
A125: Real 16/17 | N125: 14.3 | O125: 0 | P125: 0 | Q125: 0 | R125: 66.7 | S125: 42.9 | T125: 80.8 | U125: 55.6
A126: Meta 16/17 | N126: 85 | O126: 85 | P126: 85 | Q126: 85 | R126: 85 | S126: 85 | T126: 85 | U126: 85 | V126: 85 | W126: 85 | X126: 85 | Y126: 85
A127: Acumulado | B127: 95 | H127: 72.4 | I127: 89.6 | J127: 95.6 | K127: 61.8 | L127: 64.2 | M127: 18.6 | Z127: 29.4 | AA127: 85
A128: Acum Meta | B128: 95 | C128: 90 | H128: 75 | I128: 80 | J128: 80 | K128: 80 | L128: 85 | M128: 85
A131: Índice Execução Preventivas - Total SEIN - ELCE
A133: MESES | B133: Bdg 05/06 | C133: Bdg 06/07 | D133: Bdg 07/08 | E133: Bdg 08/09 | G133: Bdg 09/10 | H133: Bdg 10/11 | I133: Bdg 11/12 | J133: Bdg 12/13 | K133: Bdg 13/14 | L133: Bdg 14/15 | M133: Bdg 15/16 | N133: 42552 | O133: 42583 | P133: 42614 | Q133: 42644 | R133: 42675 | S133: 42705 | T133: 42736 | U133: 42767 | V133: 42795 | W133: 42826 | X133: 42856 | Y133: 42887 | Z133: Acum. 16/17 | AA133: Meta 16/17
A134: Real 16/17 | N134: 90.9 | O134: 83.1 | P134: 89.1 | Q134: 89.8 | R134: 90.8 | S134: 74.6 | T134: 91 | U134: 75.2
A135: Meta 16/17 | N135: 80 | O135: 80 | P135: 80 | Q135: 80 | R135: 80 | S135: 80 | T135: 80 | U135: 80 | V135: 80 | W135: 80 | X135: 80 | Y135: 80
...

Sheet Grafico NEXE
B1: Geral - Manutenção
B2: Total Ots PM01 / PM02 x Encerradas "Não Executar" (NEXE) - Bdg 16/17

Sheet Base Execução Preventivas
D1: =SUBTOTAL(3,DATA4) -> 863
A2: Grp.plnj.PM | B2: CenTrab respon. | C2: Tipo de ordem | D2: Ordem | E2: Texto breve | F2: Status sistema | G2: Loc.instalação | H2: Tipo ativid.PM | I2: Especialidade | J2: Data-base fim | K2: Dt.referência | L2: Dt.real fim
A3: CF2 | B3: CFCOPD01 | C3: PM01 | D3: 10104924784 | E3: FI-INSPEÇÃO HIDRÁULICA MENSAL (1M) | F3: LIB IMPR CAPC NOLQ SCDM | G3: CORJ-CPED-LAER-MA01 | H3: NIM | I3: Mecanica | J3: 42788 | K3: 42788
A4: CF2 | B4: CFCOPD01 | C4: PM01 | D4: 10104932221 | E4: FI - INSP. MEC. CHILLER METALPLAN (1M) | F4: LIB IMPR CAPC NOLQ SCDM | G4: CORJ-CPED-LAPE-MT01 | H4: NIM | I4: Mecanica | J4: 42794 | K4: 42794
A5: CF2 | B5: CFCOPD03 | C5: PM01 | D5: 10104932213 | E5: FI - INSP. MEC. COMPRESSOR DE AR (1M) | F5: ENTE CONF IMPR CAPC MOME NOLQ SCDM | G5: CORJ-CPED-SECE-CO01 | H5: NIM | I5: Mecanica | J5: 42790 | K5: 42790 | L5: 42781
A6: CF2 | B6: CFCOPD03 | C6: PM01 | D6: 10104925721 | E6: FI - INSP. SUBSTAÇÃO PRONCIPAL (1M) | F6: LIB IMPR CAPC NOLQ SCDM | G6: CORJ-CPED-SECE-IF01 | H6: NIE | I6: Eletrica | J6: 42789 | K6: 42789
A7: CF2 | B7: CFCOPD03 | C7: PM01 | D7: 10104949048 | E7: FI - INSP. LIMPEZA DA SUBSTAÇÃO (1M) | F7: LIB IMPR CAPC NOLQ SCDM | G7: CORJ-CPED-SECE-IF01 | H7: NIE | I7: Eletrica | J7: 42786 | K7: 42786
A8: CF2 | B8: CFCOPD03 | C8: PM01 | D8: 10104925735 | E8: FI - Inspeção Painel MT Schneider (1M) | F8: LIB IMPR CAPC NOLQ SCDM | G8: CORJ-CPED-SECE-SB01 | H8: NIE | I8: Eletrica | J8: 42789 | K8: 42789
A9: CF2 | B9: CFCOPD03 | C9: PM01 | D9: 10104925731 | E9: FI - INSPEÇÃO POWER CENTER (1M) | F9: LIB IMPR CAPC NOLQ SCDM | G9: CORJ-CPED-SECE-SB02-PC1 | H9: NIE | I9: Eletrica | J9: 42789 | K9: 42789
A10: CF2 | B10: CFCOPD03 | C10: PM01 | D10: 10104925722 | E10: FI - INSPEÇÃO PAINEL MT ABB (1M) | F10: LIB IMPR CAPC NOLQ SCDM | G10: CORJ-CPED-SECE-SB02-PD1 | H10: NIE | I10: Eletrica | J10: 42789 | K10: 42789
A11: CF2 | B11: CFCOPD03 | C11: PM01 | D11: 10104925732 | E11: FI - INSPEÇÃO TRANSFORAMADOR MT ABB (1M) | F11: LIB IMPR CAPC NOLQ SCDM | G11: CORJ-CPED-SECE-SB02-TR1 | H11: NIE | I11: Eletrica | J11: 42789 | K11: 42789
A12: CF2 | B12: CFCOPD02 | C12: PM01 | D12: 10104925757 | E12: FI-MEC. PONTE ROLANTE GH 20 t (1M) | F12: LIB IMPR CAPC NOLQ SCDM | G12: CORJ-CPED-TRAN-PR01 | H12: NIM | I12: Mecanica | J12: 42789 | K12: 42789
A13: CF2 | B13: CFCOPD02 | C13: PM01 | D13: 10104925758 | E13: FI-MEC. PONTE ROLANTE GH 16 t (1M) | F13: LIB IMPR CAPC NOLQ SCDM | G13: CORJ-CPED-TRAN-PR02 | H13: NIE | I13: Eletrica | J13: 42789 | K13: 42789
A14: CF2 | B14: CFCOPD01 | C14: PM02 | D14: 10104925754 | E14: FP-PREVENTIVA ELÉTRICA MENSAL (1M) | F14: ABER IMPR CAPC DMNV SCDM | G14: CORJ-CPED-LAER-MA01 | H14: NIE | I14: Eletrica | J14: 42789 | K14: 42789
A15: CF2 | B15: CFCOPD01 | C15: PM02 | D15: 10104925880 | E15: FP-PREVENTIVA MECÂNICA MENSAL (1M) | F15: ABER IMPR CAPC DMNV SCDM | G15: CORJ-CPED-LAER-MA01 | H15: NIM | I15: Mecanica | J15: 42789 | K15: 42789
A16: CF2 | B16: CFCOPD01 | C16: PM02 | D16: 10104923811 | E16: FP-PREVENTIVA ELÉTRICA SEMESTRAL (6M) | F16: ABER IMPR CAPC DMNV SCDM | G16: CORJ-CPED-LAER-MA01 | H16: NIE | I16: Eletrica | J16: 42788 | K16: 42788
A17: CF2 | B17: CFCOPD01 | C17: PM02 | D17: 10104930949 | E17: FE-MÁQUINA FADIGA RESSONANTE (3M) | F17: ABER IMPR CAPC DMNV SCDM | G17: CORJ-CPED-LAER-MA02 | H17: NGE | I17: Eletrica | J17: 42793 | K17: 42793
... A19: CF2 | B19: CFCOPD01 | C19: PM02 | D19: 10104928569 | E19: FE-GUINDASTE GIRATORIO STAHL 5T (1M) | F19: ABER IMPR CAPC DMNV SCDM | G19: CORJ-CPED-LAER-MB01-GU1 | H19: NGE | I19: Eletrica | J19: 42791 | K19: 42791
A20: CF2 | B20: CFCOPD01 | C20: PM02 | D20: 10104930967 | E20: FE-MÁQUINA DE TRAÇÃO MTS (3M) | F20: ENTE CONF IMPR CAPC NOLQ SCDM | G20: CORJ-CPED-LAPE-MT01 | H20: NGE | I20: Eletrica | J20: 42790 | K20: 42790 | L20: 42789
A21: CF2 | B21: CFCOPD01 | C21: PM02 | D21: 10104930981 | E21: FE-POLITRIZ SEMI AUTOMÁTIZADO PRESI (3M) | F21: ABER IMPR CAPC DMNV SCDM | G21: CORJ-CPED-LAPE-PO01 | H21: NGE | I21: Eletrica | J21: 42793 | K21: 42793
A22: CF2 | B22: CFCOPD01 | C22: PM02 | D22: 10104930968 | E22: FE-ESTAÇÃO SOLDAGEM MULTI PROCESSO (3M) | F22: ABER IMPR CAPC DMNV SCDM | G22: CORJ-CPED-LASO-ES03 | H22: NGE | I22: Eletrica | J22: 42793 | K22: 42793
A23: CF2 | B23: CFCOPD01 | C23: PM02 | D23: 10104930950 | E23: FE-ESTAÇÃO DE SOLDAGEM AUTO (ROBÔ) (3M) | F23: ENTE CONF IMPR CAPC NOLQ SCDM | G23: CORJ-CPED-LASO-ES05 | H23: NGE | I23: Eletrica | J23: 42790 | K23: 42790 | L23: 42789
A24: CF2 | B24: CFCOPD01 | C24: PM02 | D24: 10104928568 | E24: FE-GUINDASTE GIRATÓRIO STAHL 3,5T (1M) | F24: ENTE CONF IMPR CAPC NOLQ SCDM | G24: CORJ-CPED-LASO-SC02-GU1 | H24: NGE | I24: Eletrica | J24: 42790 | K24: 42790 | L24: 42789
A25: CF2 | B25: CFCOPD03 | C25: PM02 | D25: 10104932237 | E25: FP - PREV. SISTEMA AR COND. CENTRAL (1M) | F25: ABER IMPR CAPC DMNV SCDM | G25: CORJ-CPED-SECE-AC01 | H25: NIM | I25: Mecanica | J25: 42794 | K25: 42794
A26: CF2 | B26: CFCOPD03 | C26: PM02 | D26: 10104928512 | E26: FP - MANUT. PREV. ELEVADOR PESSOAL (1M) | F26: ABER IMPR CAPC DMNV SCDM | G26: CORJ-CPED-SECE-EL01 | H26: NIM | I26: Mecanica | J26: 42791 | K26: 42791
A27: CF2 | B27: CFCOPD03 | C27: PM02 | D27: 10104932236 | E27: FE - PLANO ESPOLETA SIST. COMB INCÊNDIO | F27: ABER IMPR CAPC DMNV SCDM | G27: CORJ-CPED-SECE-RA01-SC1 | H27: NGE | I27: Eletrica | J27: 42794 | K27: 42794
A28: CF2 | B28: CFCOPD02 | C28: PM02 | D28: 10104923810 | E28: FP-MEC.PONTE ROLANTE GH 20 t (6M) | F28: ABER IMPR CAPC DMNV SCDM | G28: CORJ-CPED-TRAN-PR01 | H28: NIM | I28: Mecanica | J28: 42788 | K28: 42788
A29: CF2 | B29: CFCOPD02 | C29: PM02 | D29: 10104928566 | E29: FE-PONTE ROLANTE GH 20 t (1M) | F29: ABER IMPR CAPC DMNV SCDM | G29: CORJ-CPED-TRAN-PR01 | H29: NGE | I29: Eletrica | J29: 42791 | K29: 42791
A30: CF2 | B30: CFCOPD02 | C30: PM02 | D30: 10104923853 | E30: FP-ELE. PONTE ROLANTE GH 20 t (6M) | F30: ABER IMPR CAPC DMNV SCDM | G30: CORJ-CPED-TRAN-PR01 | H30: NIE | I30: Eletrica | J30: 42788 | K30: 42788
A31: CF2 | B31: CFCOPD02 | C31: PM02 | D31: 10104924798 | E31: FP-MEC. PONTE ROLANTE GH 20 t (3M) | F31: ABER IMPR CAPC DMNV SCDM | G31: CORJ-CPED-TRAN-PR01 | H31: NIM | I31: Mecanica | J31: 42788 | K31: 42788
A32: CF2 | B32: CFCOPD02 | C32: PM02 | D32: 10104928567 | E32: FE - PONTE ROLANTE GH 16 t (1M) | F32: ABER IMPR CAPC DMNV SCDM | G32: CORJ-CPED-TRAN-PR02 | H32: NGE | I32: Eletrica | J32: 42791 | K32: 42791
A33: CF2 | B33: CFCOPD03 | C33: PM02 | D33: 10104932222 | E33: FP- PREVENTIVA MEC CARRETA DE TUBOS (3M) | F33: ABER IMPR CAPC DMNV SCDM | G33: CORJ-CPED-VEIC-CR01 | H33: NIM | I33: Mecanica | J33: 42794 | K33: 42794
A34: CF2 | B34: CFCOPD03 | C34: PM02 | D34: 10104932214 | E34: FP- PREV. MEC. EMPILHADEIRA CLARK (1M) | F34: ABER IMPR CAPC DMNV SCDM | G34: CORJ-CPED-VEIC-EM01 | H34: NIM | I34: Mecanica | J34: 42794 | K34: 42794
A35: CF4 | B35: CFCOGM06 | C35: PM01 | D35: 10104935238 | E35: FIP -MECÂNICA CARRO JATO INT (SEMESTRAL) | F35: ENTE CONF CAPC NOLQ SCDM | G35: COIN-REVS-REV3-PROC-CA1 | H35: NIM | I35: Mecanica | J35: 42780 | K35: 42790 | L35: 42790
A36: CF4 | B36: CFCOGM06 | C36: PM01 | D36: 10104918245 | E36: FIP - ELÉTRICA DO JATO INT (SEMESTRAL) | F36: ENTE CONF CAPC NOLQ SCDM | G36: COIN-REVS-REV3-PROC-CA1 | H36: NIE | I36: Eletrica | J36: 42780 | K36: 42787 | L36: 42787
A37: CF4 | B37: CFCOGM06 | C37: PM01 | D37: 10104916788 | E37: FIP - MECÂNICA PINTURA EXT (SEMESTRAL) | F37: ENTE CONF CAPC NOLQ SCDM | G37: COIN-REVS-REV3-PROC-CA2 | H37: NIM | I37: Mecanica | J37: 42779 | K37: 42790 | L37: 42790
A38: CF4 | B38: CFCOGM06 | C38: PM01 | D38: 10104916787 | E38: FIP - ELÉTRICA PINTURA EXT (SEMESTRAL) | F38: ENTE CONF CAPC NOLQ SCDM | G38: COIN-REVS-REV3-PROC-CA2 | H38: NIE | I38: Eletrica | J38: 42779 | K38: 42787 | L38: 42787
A39: CF4 | B39: CFCOGM06 | C39: PM01 | D39: 10104911396 | E39: FIP - ELÉTRICA MCC REVEST 3 (SEMESTRAL) | F39: ENTE CONF CAPC NOLQ SCDM | G39: COIN-REVS-REV3-PROC-MC1 | H39: NIE | I39: Eletrica | J39: 42774 | K39: 42787 | L39: 42787
A40: CF4 | B40: CFCOGM06 | C40: PM01 | D40: 10104911397 | E40: FIP - ELÉTRICA PAINEL REV 3 (SEMESTRAL) | F40: ENTE CONF CAPC NOLQ SCDM | G40: COIN-REVS-REV3-PROC-PC1 | H40: NIE | I40: Eletrica | J40: 42774 | K40: 42787 | L40: 42787
A41: CF4 | B41: CFCOGM06 | C41: PM01 | D41: 10104916789 | E41: FIP - MECÂNICA PINTURA EXT (SEMESTRAL) | F41: ENTE CONF CAPC NOLQ SCDM | G41: COIN-REVS-REV3-PROC-PI2 | H41: NIM | I41: Mecanica | J41: 42779 | K41: 42790 | L41: 42790
A42: CF4 | B42: CFCOGM06 | C42: PM01 | D42: 10104918246 | E42: FIP - ELÉTRICA SECADOR TUBOS (SEMESTRAL) | F42: ENTE CONF CAPC NOLQ SCDM | G42: COIN-REVS-REV3-PROC-SE1 | H42: NIE | I42: Eletrica | J42: 42780 | K42: 42787 | L42: 42787
A43: CF4 | B43: CFCOGM06 | C43: PM01 | D43: 10104916782 | E43: FIP - ELÉTRICA PLATAF ENTRADA JATO | F43: ENTE CONF CAPC NOLQ SCDM | G43: COIN-REVS-REV4-ENTR-P01 | H43: NIE | I43: Eletrica | J43: 42782 | K43: 42787 | L43: 42787
A44: CF4 | B44: CFCOGM06 | C44: PM01 | D44: 10104930702 | E44: FIP - ELÉTRICA APLIC CROMATO (MENSAL) | F44: ENTE CONF CAPC NOLQ SCDM | G44: COIN-REVS-REV4-PROC-AC1 | H44: NIE | I44: Eletrica | J44: 42787 | K44: 42787 | L44: 42787
A45: CF4 | B45: CFCOGM06 | C45: PM01 | D45: 10104918181 | E45: FIP - ELÉTRICA CABINE COLETORA (SEMEST) | F45: ENTE CONF CAPC NOLQ SCDM | G45: COIN-REVS-REV4-PROC-CB1 | H45: NIE | I45: Eletrica | J45: 42780 | K45: 42788 | L45: 42788
A46: CF4 | B46: CFCOGM06 | C46: PM01 | D46: 10104906806 | E46: FIP - ELÉTRICA CABINE PRIMER (MENSAL) | F46: ENTE CONF CAPC NOLQ SCDM | G46: COIN-REVS-REV4-PROC-CB3 | H46: NIE | I46: Eletrica | J46: 42773 | K46: 42788 | L46: 42788
... A82: CF4 | B82: CFCOGM06 | C82: PM02 | D82: 10104929730 | E82: FE - INSP. SEGURANÇA - SIST. CABINE CO2 | F82: ENTE CONF IMPR CAPC NOLQ SCDM | G82: COIN-REVS-REV4-PROC-CB3 | H82: NIS | I82: Mecanica | J82: 42782 | K82: 42782 | L82: 42781
A83: CF5 | B83: CFCOF4C1 | C83: PM01 | D83: 10104926781 | E83: FIP - MECÂNICA DA MESA UO (SEMESTRAL) | F83: LIB CAPC NOLQ SCDM | G83: COIN-MAUO-CEL1-ENTR-MA3 | H83: NIM | I83: Mecanica | J83: 42787 | K83: 42787
A84: CF5 | B84: CFCOF4C1 | C84: PM01 | D84: 10104930773 | E84: FI-INSPEÇÃO ELET. TALHA DA FB (1M) | F84: ENTE CAPC NOLQ SCDM | G84: COPI-MAUO-CEL1-FB01 | H84: NIE | I84: Eletrica | J84: 42793 | K84: 42796
A85: CF5 | B85: CFCOF4C1 | C85: PM01 | D85: 10104895958 | E85: FI-INSPEÇÃO ELET. FRESADORA (1) | F85: ENTE CAPC ERRD NOLQ SCDM | G85: COPI-MAUO-CEL1-FB01 | H85: NIE | I85: Eletrica | J85: 42767 | K85: 42796
A86: CF5 | B86: CFCOF4C1 | C86: PM01 | D86: 10104930717 | E86: FI-MEC. FRESADORA (1M) | F86: ENTE CAPC NOLQ SCDM | G86: COPI-MAUO-CEL1-FB01 | H86: NIM | I86: Mecanica | J86: 42793 | K86: 42796
A87: CF5 | B87: CFCOF4C1 | C87: PM01 | D87: 10104895957 | E87: FI - ELE INSP. DA MESA ALIMENTADORA (1M) | F87: ENTE CAPC ERRD NOLQ SCDM | G87: COPI-MAUO-CEL1-FB01-MA1 | H87: NIE | I87: Eletrica | J87: 42767 | K87: 42796
A88: CF5 | B88: CFCOF4C1 | C88: PM01 | D88: 10104930716 | E88: FI-MEC.MESA ALIMENTADORA FB (1M) | F88: ENTE CAPC NOLQ SCDM | G88: COPI-MAUO-CEL1-FB01-MA1 | H88: NIM | I88: Mecanica | J88: 42793 | K88: 42796
A89: CF5 | B89: CFCOF4C3 | C89: PM01 | D89: 10104930724 | E89: FI-MEC.MESA DE CHAPINHA (1M) | F89: ENTE CAPC NOLQ SCDM | G89: COPI-MAUO-CEL1-HE02-ME1 | H89: NIM | I89: Mecanica | J89: 42793 | K89: 42796
A90: CF5 | B90: CFCOF4C2 | C90: PM01 | D90: 10104910431 | E90: FI-ELE-HANDLING DA ESTEIRA DE CHAPAS(1M) | F90: ENTE CAPC NOLQ SCDM | G90: COPI-MAUO-CEL1-HE03 | H90: NIE | I90: Eletrica | J90: 42776 | K90: 42796
A91: CF5 | B91: CFCOF4C2 | C91: PM01 | D91: 10104910321 | E91: FI- INSPEÇÃO MECANICA ESTEIRA CHAPA (1M) | F91: ENTE IMPR CAPC NOLQ SCDM | G91: COPI-MAUO-CEL1-HE03 | H91: NIM | I91: Mecanica | J91: 42776 | K91: 42796
A92: CF5 | B92: CFCOF4C2 | C92: PM01 | D92: 10104910455 | E92: FI-ELE-HANDLING ESTEIRA DE TUBOS (1M) | F92: ENTE CAPC NOLQ SCDM | G92: COPI-MAUO-CEL1-HE04 | H92: NIE | I92: Eletrica | J92: 42776 | K92: 42796
A93: CF5 | B93: CFCOF4C2 | C93: PM01 | D93: 10104930719 | E93: FI-ELE-SAÍDA DA PRENSA O (1M) | F93: ENTE CAPC NOLQ SCDM | G93: COPI-MAUO-CEL1-HS01 | H93: NIE | I93: Eletrica | J93: 42793 | K93: 42796
A94: CF5 | B94: CFCOF4C1 | C94: PM01 | D94: 10104930721 | E94: FI-MEC.LAVADOR INTERNE/EXTERO (1M) | F94: ENTE CAPC NOLQ SCDM | G94: COPI-MAUO-CEL1-LV01 | H94: NIM | I94: Mecanica | J94: 42793 | K94: 42796
... A106: CF5 | B106: CFCOF4C2 | C106: PM01 | D106: 10104910452 | E106: FI-ELE-PRENSA U (NOVA) (1M) | F106: ENTE CAPC NOLQ SCDM | G106: COPI-MAUO-CEL1-PU02 | H106: NIE | I106: Eletrica | J106: 42776 | K106: 42796
A107: CF5 | B107: CFCOF4C2 | C107: PM01 | D107: 10104910319 | E107: FI - MEC INSPEÇÃO NOVA PRENSA U (1M). | F107: ENTE CONF IMPR CAPC NOLQ SCDM | G107: COPI-MAUO-CEL1-PU02 | H107: NIM | I107: Mecanica | J107: 42776 | K107: 42796 | L107: 42796
A108: CF5 | B108: CFCOF4C1 | C108: PM01 | D108: 10104930722 | E108: FI-MEC.SELADORA (1M) | F108: ENTE CAPC NOLQ SCDM | G108: COPI-MAUO-CEL1-SC01 | H108: NIM | I108: Mecanica | J108: 42793 | K108: 42796
A109: CF5 | B109: CFCOF4C3 | C109: PM01 | D109: 10104883865 | E109: FI-ELE-ESTUFA RESSECAGEM FLUXO 06 (2M) | F109: ENTE CAPC NOLQ SCDM | G109: COPI-MAUO-CEL2 | H109: NIE | I109: Eletrica | J109: 42786 | K109: 42796
A110: CF5 | B110: CFCOF4C3 | C110: PM01 | D110: 10104883864 | E110: FI-ELE-ESTUFA RESSECAGEM FLUXO 05 (2M) | F110: ENTE CAPC NOLQ SCDM | G110: COPI-MAUO-CEL2 | H110: NIE | I110: Eletrica | J110: 42786 | K110: 42796
A111: CF5 | B111: CFCOF4C3 | C111: PM01 | D111: 10104883863 | E111: FI-ELE-ESTUFA RESSECAGEM FLUXO 04 (2M) | F111: ENTE CAPC NOLQ SCDM | G111: COPI-MAUO-CEL2 | H111: NIE | I111: Eletrica | J111: 42786 | K111: 42796
A112: CF5 | B112: CFCOF4C3 | C112: PM01 | D112: 10104883862 | E112: FI-ELE-ESTUFA RESSECAGEM FLUXO 03 (2M) | F112: ENTE IMPR CAPC NOLQ SCDM | G112: COPI-MAUO-CEL2 | H112: NIE | I112: Eletrica | J112: 42786 | K112: 42796
A113: CF5 | B113: CFCOF4C3 | C113: PM01 | D113: 10104883861 | E113: FI-ELE-ESTUFA RESSECAGEM FLUXO 02 (2M) | F113: ENTE CAPC NOLQ SCDM | G113: COPI-MAUO-CEL2 | H113: NIE | I113: Eletrica | J113: 42786 | K113: 42796
A114: CF5 | B114: CFCOF4C3 | C114: PM01 | D114: 10104883860 | E114: FI-ELE-ESTUFA RESSECAGEM FLUXO 01 (2M) | F114: ENTE CAPC NOLQ SCDM | G114: COPI-MAUO-CEL2 | H114: NIE | I114: Eletrica | J114: 42786 | K114: 42796
A115: CF5 | B115: CFCOF4C4 | C115: PM01 | D115: 10104898856 | E115: FI-ELÉTRICA DA PLAT. 05 INSP. EXT.(1M) | F115: LIB IMPR CAPC NOLQ SCDM | G115: COPI-MAUO-CEL2-IV01 | H115: NIE | I115: Eletrica | J115: 42770 | K115: 42770
A116: CF5 | B116: CFCOF4C4 | C116: PM01 | D116: 10104927078 | E116: FI-MEC.PRENSA DE TUBOS (1M) | F116: LIB CAPC NOLQ SCDM | G116: COPI-MAUO-CEL2-PS01 | H116: NIM | I116: Mecanica | J116: 42790 | K116: 42790
A117: CF5 | B117: CFCOF4C3 | C117: PM01 | D117: 10104930693 | E117: FI-ELÉTRICA DA MAQ. SOLDA EXT A (1M). | F117: ENTE CONF IMPR CAPC NOLQ SCDM | G117: COPI-MAUO-CEL2-SE01 | H117: NIE | I117: Eletrica | J117: 42790 | K117: 42790 | L117: 42789
A118: CF5 | B118: CFCOF4C3 | C118: PM01 | D118: 10104912828 | E118: FI-MECANICA SOLDA EXTERNA A (1M) | F118: LIB CAPC NOLQ SCDM | G118: COPI-MAUO-CEL2-SE01 | H118: NIM | I118: Mecanica | J118: 42778 | K118: 42778
A119: CF5 | B119: CFCOF4C3 | C119: PM01 | D119: 10104912829 | E119: FI -MEC. SOLDA EXTERNA B(1M) | F119: LIB CAPC NOLQ SCDM | G119: COPI-MAUO-CEL2-SE02 | H119: NIM | I119: Mecanica | J119: 42778 | K119: 42778
A120: CF5 | B120: CFCOF4C3 | C120: PM01 | D120: 10104930694 | E120: FI-ELÉTRICA DA SOLDA EXTERNA B (1M). | F120: ENTE CONF CAPC NOLQ SCDM | G120: COPI-MAUO-CEL2-SE02 | H120: NIE | I120: Eletrica | J120: 42790 | K120: 42790 | L120: 42788
A121: CF5 | B121: CFCOF4C3 | C121: PM01 | D121: 10104912830 | E121: FI-MECANICA SOLDA EXTERNA C (1M) | F121: LIB CAPC NOLQ SCDM | G121: COPI-MAUO-CEL2-SE03 | H121: NIM | I121: Mecanica | J121: 42778 | K121: 42778
A122: CF5 | B122: CFCOF4C3 | C122: PM01 | D122: 10104930695 | E122: FI-ELÉTRICA DA SOLDA EXTERNA C (1M). | F122: ENTE CONF CAPC NOLQ SCDM | G122: COPI-MAUO-CEL2-SE03 | H122: NIE | I122: Eletrica | J122: 42790 | K122: 42790 | L122: 42788
A123: CF5 | B123: CFCOF4C3 | C123: PM01 | D123: 10104930696 | E123: FI-ELÉTRICA DA MAQ. SOLDA EXTERNA D (1M) | F123: ENTE CONF CAPC NOLQ SCDM | G123: COPI-MAUO-CEL2-SE04 | H123: NIE | I123: Eletrica | J123: 42790 | K123: 42790 | L123: 42790
A124: CF5 | B124: CFCOF4C3 | C124: PM01 | D124: 10104912831 | E124: FI-MECANICA SOLDA EXTERNA D(1M) | F124: LIB CAPC NOLQ SCDM | G124: COPI-MAUO-CEL2-SE04 | H124: NIM | I124: Mecanica | J124: 42778 | K124: 42778
A125: CF5 | B125: CFCOF4C3 | C125: PM01 | D125: 10104925261 | E125: FI-MECANICA SOLDA INTERNA A (1M) | F125: LIB CAPC NOLQ SCDM | G125: COPI-MAUO-CEL2-SI01 | H125: NIM | I125: Mecanica | J125: 42789 | K125: 42789
A126: CF5 | B126: CFCOF4C3 | C126: PM01 | D126: 10104922410 | E126: FI-ELETRICA (1M). | F126: ENTE CONF IMPR CAPC NOLQ SCDM | G126: COPI-MAUO-CEL2-SI01 | H126: NIE | I126: Eletrica | J126: 42786 | K126: 42788 | L126: 42788
A127: CF5 | B127: CFCOF4C3 | C127: PM01 | D127: 10104922411 | E127: FI-ELETRICA (1M). | F127: ENTE CONF IMPR CAPC NOLQ SCDM | G127: COPI-MAUO-CEL2-SI02 | H127: NIE | I127: Eletrica | J127: 42786 | K127: 42788 | L127: 42788
A128: CF5 | B128: CFCOF4C3 | C128: PM01 | D128: 10104925262 | E128: FI-MECANICA SOLDA INTERNA B (1M) | F128: LIB CAPC NOLQ SCDM | G128: COPI-MAUO-CEL2-SI02 | H128: NIM | I128: Mecanica | J128: 42789 | K128: 42789
A129: CF5 | B129: CFCOF4C3 | C129: PM01 | D129: 10104922412 | E129: FI-ELETRICA (1M). | F129: ENTE CONF IMPR CAPC NOLQ SCDM | G129: COPI-MAUO-CEL2-SI03 | H129: NIE | I129: Eletrica | J129: 42786 | K129: 42788 | L129: 42788
A130: CF5 | B130: CFCOF4C3 | C130: PM01 | D130: 10104925263 | E130: FI-MECANICA SOLDA INTERNA C (1M) | F130: LIB CAPC NOLQ SCDM | G130: COPI-MAUO-CEL2-SI03 | H130: NIM | I130: Mecanica | J130: 42789 | K130: 42789
A131: CF5 | B131: CFCOF4C3 | C131: PM01 | D131: 10104922413 | E131: FI-ELETRICA (1M). | F131: ENTE CONF IMPR CAPC NOLQ SCDM | G131: COPI-MAUO-CEL2-SI04 | H131: NIE | I131: Eletrica | J131: 42786 | K131: 42788 | L131: 42788
A132: CF5 | B132: CFCOF4C3 | C132: PM01 | D132: 10104925264 | E132: FI-MECANICA SOLDA INTERNA D (1M) | F132: LIB CAPC NOLQ SCDM | G132: COPI-MAUO-CEL2-SI04 | H132: NIM | I132: Mecanica | J132: 42789 | K132: 42789
A133: CF5 | B133: CFCOF4C3 | C133: PM01 | D133: 10104925265 | E133: FI-MECANICA SOLDA INTERNA E (1M) | F133: LIB CAPC NOLQ SCDM | G133: COPI-MAUO-CEL2-SI05 | H133: NIM | I133: Mecanica | J133: 42789 | K133: 42789
A134: CF5 | B134: CFCOF4C3 | C134: PM01 | D134: 10104922414 | E134: FI-ELETRICA(1M). | F134: ENTE IMPR CAPC NOLQ SCDM | G134: COPI-MAUO-CEL2-SI05 | H134: NIE | I134: Eletrica | J134: 42786 | K134: 42790
A135: CF5 | B135: CFCOF4C4 | C135: PM01 | D135: 10104927082 | E135: FI-MECANICA ULTRA SOM 1 (1M) | F135: LIB CAPC NOLQ SCDM | G135: COPI-MAUO-CEL2-US01 | H135: NIM | I135: Mecanica | J135: 42790 | K135: 42790
A136: CF5 | B136: CFCOF4C4 | C136: PM01 | D136: 10104939702 | E136: FI-NDT-MEC- ULTRA SOM 1 - (Semanal) | F136: LIB CAPC NOLQ SCDM | G136: COPI-MAUO-CEL2-US01 | H136: NIM | I136: Mecanica | J136: 42774 | K136: 42774
A137: CF5 | B137: CFCOF4C5 | C137: PM01 | D137: 10104911865 | E137: FI-INSP.ELE CORTE DE CORPO DE PROVA(1M) | F137: ENTE CONF IMPR CAPC DNAT NOLQ SCDM | G137: COPI-MAUO-CEL3-CP01 | H137: NIE | I137: Eletrica | J137: 42777 | K137: 42788 | L137: 42788
A138: CF5 | B138: CFCOF4C4 | C138: PM01 | D138: 10104958089 | E138: FI - INSPEÇÃO MECÂNICA DO EG (1M) | F138: LIB CAPC NOLQ SCDM | G138: COPI-MAUO-CEL3-EG01 | H138: NIM | I138: Mecanica | J138: 42790 | K138: 42790
A139: CF5 | B139: CFCOF4C4 | C139: PM01 | D139: 10104923799 | E139: FI - INSP. MECÂNICA EXPANSOR SMS (1M) | F139: LIB CAPC NOLQ SCDM | G139: COPI-MAUO-CEL3-ES01 | H139: NIM | I139: Mecanica | J139: 42787 | K139: 42787
A140: CF5 | B140: CFCOF4C4 | C140: PM01 | D140: 10104923796 | E140: FI - INSP. ELÉTRICA EXPANSOR SMS (1M) | F140: LIB IMPR CAPC NOLQ SCDM | G140: COPI-MAUO-CEL3-ES01 | H140: NIE | I140: Eletrica | J140: 42787 | K140: 42787
A141: CF5 | B141: CFCOF4C5 | C141: PM01 | D141: 10104907023 | E141: FI - INSP. MEC HANDLING SAÍDA FINAL (1M) | F141: ENTE CONF CAPC NOLQ SCDM | G141: COPI-MAUO-CEL3-HL01 | H141: NIM | I141: Mecanica | J141: 42773 | K141: 42788 | L141: 42788
A142: CF5 | B142: CFCOF4C5 | C142: PM01 | D142: 10104907022 | E142: FI - INSP. ELE HANDLING SAÍDA FINAL (1M) | F142: ENTE CONF IMPR CAPC NOLQ SCDM | G142: COPI-MAUO-CEL3-HL01 | H142: NIE | I142: Eletrica | J142: 42773 | K142: 42790 | L142: 42790
A143: CF5 | B143: CFCOF4C5 | C143: PM01 | D143: 10104911848 | E143: FI-INSP.ELE HANDLING DE SAÍDA DO RX (1M) | F143: ENTE CONF IMPR CAPC NOLQ SCDM | G143: COPI-MAUO-CEL3-HS03 | H143: NIE | I143: Eletrica | J143: 42777 | K143: 42788 | L143: 42788
A144: CF5 | B144: CFCOF4C4 | C144: PM01 | D144: 10104900210 | E144: FI-INSPEÇÃO MEC. LIXAM. AUTOMÁT. (1M) | F144: LIB CAPC NOLQ SCDM | G144: COPI-MAUO-CEL3-LX01 | H144: NIM | I144: Mecanica | J144: 42771 | K144: 42771
A145: CF5 | B145: CFCOF4C4 | C145: PM01 | D145: 10104900209 | E145: FI-INSPEÇÃO ELET. LIXAM. AUTOMÁT. (1M) | F145: LIB IMPR CAPC NOLQ SCDM | G145: COPI-MAUO-CEL3-LX01 | H145: NIE | I145: Eletrica | J145: 42771 | K145: 42771
A146: CF5 | B146: CFCOF4C5 | C146: PM01 | D146: 10104912832 | E146: FI - INSPEÇÃO MECÂNICA DA MESA 1 (1M) | F146: LIB CAPC NOLQ SCDM | G146: COPI-MAUO-CEL3-ME01 | H146: NIM | I146: Mecanica | J146: 42778 | K146: 42778
A147: CF5 | B147: CFCOF4C5 | C147: PM01 | D147: 10104939495 | E147: FI - INSPEÇÃO ELÉTRICA DA MESA 1 (2M) | F147: ENTE CONF IMPR CAPC NOLQ SCDM | G147: COPI-MAUO-CEL3-ME01 | H147: NIE | I147: Eletrica | J147: 42785 | K147: 42790 | L147: 42790
...

Sheet Dados NEXe
A2: Encerradaas NEXE - Fab 04
A4: MESES | B4: 42552 | C4: 42583 | D4: 42614 | E4: 42644 | F4: 42675 | G4: 42705 | H4: 42736 | I4: 42736 | J4: 42795 | K4: 42826 | L4: 42856 | M4: 42887 | N4: Acum. PM01 / PM02 | O4: Acum. Nexe
A5: Total PM01 / PM02 | B5: 197 | C5: 180 | D5: 158 | E5: 236 | F5: 219 | G5: 236 | H5: 171 | I5: =COUNTIFS('Base NEXE '!$A:$A,"CF5",'Base NEXE '!$G:$G,"*MAUO*") -> 147
A6: TotaL Encerrada NEXE (Não Executar) | B6: 64 | C6: 33 | D6: 35 | E6: 28 | F6: 39 | G6: 1 | H6: 27 | I6: =COUNTIFS('Base NEXE '!$A:$A,"CF5",'Base NEXE '!$G:$G,"*MAUO*",'Base NEXE '!$F:$F,"*NEXE*") -> 20
A7: % Acumulada | N7: =SUM(B5:M5) -> 1544 | O7: =SUM(B6:M6) -> 247
A9: Encerradaas NEXE - Fab 01
A11: MESES | B11: 42552 | C11: 42583 | D11: 42614 | E11: 42644 | F11: 42675 | G11: 42705 | H11: 42736 | I11: 42736 | J11: 42795 | K11: 42826 | L11: 42856 | M11: 42887 | N11: Acum. PM01 / PM02 | O11: Acum. Nexe
A12: Total PM01 / PM02 | B12: 136 | C12: 150 | D12: 121 | E12: 151 | F12: 137 | G12: 171 | H12: 120 | I12: =COUNTIFS('Base NEXE '!$A:$A,"CF6",'Base NEXE '!$G:$G,"*MAER*") -> 142
A13: TotaL Encerrada NEXE (Não Executar) | B13: 0 | C13: 4 | D13: 10 | E13: 4 | F13: 7 | G13: 16 | H13: 27 | I13: =COUNTIFS('Base NEXE '!$A:$A,"CF6",'Base NEXE '!$G:$G,"*MAER*",'Base NEXE '!$F:$F,"*NEXE*") -> 0
A14: % Acumulada | N14: =SUM(B12:M12) -> 1128 | O14: =SUM(B13:M13) -> 68
A16: Encerradaas NEXE - Fab 10
A18: MESES | B18: 42552 | C18: 42583 | D18: 42614 | E18: 42644 | F18: 42675 | G18: 42705 | H18: 42736 | I18: 42736 | J18: 42795 | K18: 42826 | L18: 42856 | M18: 42887 | N18: Acum. PM01 / PM02 | O18: Acum. Nexe
A19: Total PM01 / PM02 | B19: 60 | C19: 40 | D19: 56 | E19: 9 | F19: 0 | G19: 0 | H19: 0 | I19: =COUNTIFS('Base NEXE '!$A:$A,"CF6",'Base NEXE '!$G:$G,"*MAHE*") -> 32
A20: TotaL Encerrada NEXE (Não Executar) | B20: 7 | C20: 6 | D20: 17 | E20: 4 | F20: 0 | G20: 0 | H20: 0 | I20: =COUNTIFS('Base NEXE '!$A:$A,"CF6",'Base NEXE '!$G:$G,"*MAHE*",'Base NEXE '!$F:$F,"*NEXE*") -> 0
A21: % Acumulada | N21: =SUM(B19:M19) -> 197 | O21: =SUM(B20:M20) -> 34
A23: Encerradaas NEXE - SCON
A25: MESES | B25: 42552 | C25: 42583 | D25: 42614 | E25: 42644 | F25: 42675 | G25: 42705 | H25: 42736 | I25: 42736 | J25: 42795 | K25: 42826 | L25: 42856 | M25: 42887 | N25: Acum. PM01 / PM02 | O25: Acum. Nexe
A26: Total PM01 / PM02 | B26: 13 | C26: 14 | D26: 16 | E26: 16 | F26: 8 | G26: 27 | H26: 16 | I26: =COUNTIFS('Base NEXE '!$A:$A,"CF6",'Base NEXE '!$G:$G,"*SCON*") -> 23
A27: TotaL Encerrada NEXE (Não Executar) | B27: 0 | C27: 2 | D27: 0 | E27: 0 | F27: 2 | G27: 0 | H27: 2 | I27: =COUNTIFS('Base NEXE '!$A:$A,"CF6",'Base NEXE '!$G:$G,"*SCON*",'Base NEXE '!$F:$F,"*NEXE*") -> 0
A28: % Acumulada | N28: =SUM(B26:M26) -> 133 | O28: =SUM(B27:M27) -> 6
A30: Encerradaas NEXE - Fab 06
A32: MESES | B32: 42552 | C32: 42583 | D32: 42614 | E32: 42644 | F32: 42675 | G32: 42705 | H32: 42736 | I32: 42736 | J32: 42795 | K32: 42826 | L32: 42856 | M32: 42887 | N32: Acum. PM01 / PM02 | O32: Acum. Nexe
A33: Total PM01 / PM02 | B33: 0 | C33: 0 | D33: 1 | E33: 0 | F33: 0 | G33: 1 | H33: 5 | I33: =COUNTIFS('Base NEXE '!$A:$A,"CF7",'Base NEXE '!$G:$G,"*ROSC*") -> 9
A34: TotaL Encerrada NEXE (Não Executar) | B34: 0 | C34: 0 | D34: 0 | E34: 0 | F34: 0 | G34: 1 | H34: 0 | I34: =COUNTIFS('Base NEXE '!$A:$A,"CF7",'Base NEXE '!$G:$G,"*ROSC*",'Base NEXE '!$F:$F,"*NEXE*") -> 4
A35: % Acumulada | N35: =SUM(B33:M33) -> 16 | O35: =SUM(B34:M34) -> 5
A37: Encerradaas NEXE - Toto
A39: MESES | B39: 42552 | C39: 42583 | D39: 42614 | E39: 42644 | F39: 42675 | G39: 42705 | H39: 42736 | I39: 42736 | J39: 42795 | K39: 42826 | L39: 42856 | M39: 42887 | N39: Acum. PM01 / PM02 | O39: Acum. Nexe
A40: Total PM01 / PM02 | B40: 0 | C40: 0 | D40: 0 | E40: 0 | F40: 0 | G40: 0 | H40: 0 | I40: =COUNTIFS('Base NEXE '!$A:$A,"CF7",'Base NEXE '!$G:$G,"*TOTO*") -> 0
A41: TotaL Encerrada NEXE (Não Executar) | B41: 0 | C41: 0 | D41: 0 | E41: 0 | F41: 0 | G41: 0 | H41: 0 | I41: =COUNTIFS('Base NEXE '!$A:$A,"CF7",'Base NEXE '!$G:$G,"*TOTO*",'Base NEXE '!$F:$F,"*NEXE*") -> 0
A42: % Acumulada | N42: =SUM(B40:M40) -> 0 | O42: =SUM(B41:M41) -> 0
A44: Encerradaas NEXE - Rev 03
A46: MESES | B46: 42552 | C46: 42583 | D46: 42614 | E46: 42644 | F46: 42675 | G46: 42705 | H46: 42736 | I46: 42736 | J46: 42795 | K46: 42826 | L46: 42856 | M46: 42887 | N46: Acum. PM01 / PM02 | O46: Acum. Nexe
A47: Total PM01 / PM02 | B47: 25 | C47: 22 | D47: 22 | E47: 19 | F47: 22 | G47: 18 | H47: 24 | I47: =COUNTIFS('Base NEXE '!$A:$A,"CF4",'Base NEXE '!$G:$G,"*REV3*") -> 25
A48: TotaL Encerrada NEXE (Não Executar) | B48: 4 | C48: 17 | D48: 17 | E48: 17 | F48: 17 | G48: 18 | H48: 18 | I48: =COUNTIFS('Base NEXE '!$A:$A,"CF4",'Base NEXE '!$G:$G,"*REV3*",'Base NEXE '!$F:$F,"*NEXE*") -> 17
A49: % Acumulada | N49: =SUM(B47:M47) -> 177 | O49: =SUM(B48:M48) -> 125
A51: Encerradaas NEXE - Rev 04
A53: MESES | B53: 42552 | C53: 42583 | D53: 42614 | E53: 42644 | F53: 42675 | G53: 42705 | H53: 42736 | I53: 42736 | J53: 42795 | K53: 42826 | L53: 42856 | M53: 42887 | N53: Acum. PM01 / PM02 | O53: Acum. Nexe
A54: Total PM01 / PM02 | B54: 75 | C54: 59 | D54: 66 | E54: 52 | F54: 59 | G54: 53 | H54: 71 | I54: =COUNTIFS('Base NEXE '!$A:$A,"CF4",'Base NEXE '!$G:$G,"*REV4*") -> 56
A55: TotaL Encerrada NEXE (Não Executar) | B55: 30 | C55: 17 | D55: 24 | E55: 16 | F55: 27 | G55: 16 | H55: 33 | I55: =COUNTIFS('Base NEXE '!$A:$A,"CF4",'Base NEXE '!$G:$G,"*REV4*",'Base NEXE '!$F:$F,"*NEXE*") -> 18
A56: % Acumulada | N56: =SUM(B54:M54) -> 491 | O56: =SUM(B55:M55) -> 181
A58: Encerradaas NEXE - Rev Externo
A60: MESES | B60: 42552 | C60: 42583 | D60: 42614 | E60: 42644 | F60: 42675 | G60: 42705 | H60: 42736 | I60: 42736 | J60: 42795 | K60: 42826 | L60: 42856 | M60: 42887 | N60: Acum. PM01 / PM02 | O60: Acum. Nexe
A61: Total PM01 / PM02 | B61: 88 | C61: 43 | D61: 48 | E61: 42 | F61: 55 | G61: 58 | H61: 52 | I61: =COUNTIFS('Base NEXE '!$A:$A,"SR2",'Base NEXE '!$G:$G,"*RES1*") -> 43
A62: TotaL Encerrada NEXE (Não Executar) | B62: 0 | C62: 30 | D62: 37 | E62: 10 | F62: 12 | G62: 0 | H62: 0 | I62: =COUNTIFS('Base NEXE '!$A:$A,"SR2",'Base NEXE '!$G:$G,"*RES1*",'Base NEXE '!$F:$F,"*NEXE*") -> 0
A63: % Acumulada | N63: =SUM(B61:M61) -> 429 | O63: =SUM(B62:M62) -> 89
A65: Encerradaas NEXE - Rev Interno
A67: MESES | B67: 42552 | C67: 42583 | D67: 42614 | E67: 42644 | F67: 42675 | G67: 42705 | H67: 42736 | I67: 42736 | J67: 42795 | K67: 42826 | L67: 42856 | M67: 42887 | N67: Acum. PM01 / PM02 | O67: Acum. Nexe
A68: Total PM01 / PM02 | B68: 16 | C68: 12 | D68: 14 | E68: 13 | F68: 13 | G68: 21 | H68: 12 | I68: =COUNTIFS('Base NEXE '!$A:$A,"SR3",'Base NEXE '!$G:$G,"*RES2*") -> 15
A69: TotaL Encerrada NEXE (Não Executar) | B69: 14 | C69: 10 | D69: 12 | E69: 11 | F69: 11 | G69: 19 | H69: 10 | I69: =COUNTIFS('Base NEXE '!$A:$A,"SR3",'Base NEXE '!$G:$G,"*RES2*",'Base NEXE '!$F:$F,"*NEXE*") -> 13
A70: % Acumulada | N70: =SUM(B68:M68) -> 116 | O70: =SUM(B69:M69) -> 100
A73: Encerradaas NEXE - Pontes
A75: MESES | B75: 42552 | C75: 42583 | D75: 42614 | E75: 42644 | F75: 42675 | G75: 42705 | H75: 42736 | I75: 42736 | J75: 42795 | K75: 42826 | L75: 42856 | M75: 42887 | N75: Acum. PM01 / PM02 | O75: Acum. Nexe
A76: Total PM01 / PM02 | B76: 88 | C76: 96 | D76: 42 | E76: 107 | F76: 97 | G76: 111 | H76: 73 | I76: =COUNTIFS('Base NEXE '!$A:$A,"CF8") -> 89
A77: TotaL Encerrada NEXE (Não Executar) | B77: 0 | C77: 0 | D77: 0 | E77: 0 | F77: 0 | G77: 0 | H77: 1 | I77: =COUNTIFS('Base NEXE '!$A:$A,"CF8",'Base NEXE '!$F:$F,"*NEXE*") -> 7
A78: % Acumulada | N78: =SUM(B76:M76) -> 703 | O78: =SUM(B77:M77) -> 8
A81: Encerradaas NEXE - NDT
A83: MESES | B83: 42552 | C83: 42583 | D83: 42614 | E83: 42644 | F83: 42675 | G83: 42705 | H83: 42736 | I83: 42736 | J83: 42795 | K83: 42826 | L83: 42856 | M83: 42887 | N83: Acum. PM01 / PM02 | O83: Acum. Nexe
A84: Total PM01 / PM02 | B84: 41 | C84: 31 | D84: 34 | E84: 36 | F84: 29 | G84: 32 | H84: 29 | I84: =COUNTIFS('Base NEXE '!$A:$A,"CFN") -> 29
A85: TotaL Encerrada NEXE (Não Executar) | B85: 1 | C85: 0 | D85: 0 | E85: 0 | F85: 0 | G85: 0 | H85: 0 | I85: =COUNTIFS('Base NEXE '!$A:$A,"CFN",'Base NEXE '!$F:$F,"*NEXE*") -> 0
A86: % Acumulada | N86: =SUM(B84:M84) -> 261 | O86: =SUM(B85:M85) -> 1
A90: Encerradas NEXE - SEIN / ELCE
A92: MESES | B92: 42552 | C92: 42583 | D92: 42614 | E92: 42644 | F92: 42675 | G92: 42705 | H92: 42736 | I92: 42736 | J92: 42795 | K92: 42826 | L92: 42856 | M92: 42887 | N92: Acum. PM01 / PM02 | O92: Acum. Nexe
A93: Total PM01 / PM02 | B93: 856 | C93: 825 | D93: 770 | E93: 963 | F93: 664 | G93: 733 | H93: 1190 | I93: =COUNTIFS('Base NEXE '!$A:$A,"CFe") -> 327
A94: TotaL Encerrada NEXE (Não Executar) | B94: 261 | C94: 220 | D94: 241 | E94: 133 | F94: 240 | G94: 292 | H94: 328 | I94: =COUNTIFS('Base NEXE '!$A:$A,"CFe",'Base NEXE '!$F:$F,"*NEXE*") -> 53
A95: % Acumulada | N95: =SUM(B93:M93) -> 6328 | O95: =SUM(B94:M94) -> 1768
A99: Encerradas NEXE - CORJ - CF2
A101: MESES | B101: 42552 | C101: 42583 | D101: 42614 | E101: 42644 | F101: 42675 | G101: 42705 | H101: 42736 | I101: 42736 | J101: 42795 | K101: 42826 | L101: 42856 | M101: 42887 | N101: Acum. PM01 / PM02 | O101: Acum. Nexe
A102: Total PM01 / PM02 | B102: 25 | C102: 27 | D102: 28 | E102: 24 | F102: 36 | G102: 34 | H102: 36 | I102: =COUNTIFS('Base NEXE '!$A:$A,"CF2") -> 32
A103: TotaL Encerrada NEXE (Não Executar) | B103: 0 | C103: 0 | D103: 0 | E103: 0 | F103: 0 | G103: 0 | H103: 2 | I103: =COUNTIFS('Base NEXE '!$A:$A,"CF2",'Base NEXE '!$F:$F,"*NEXE*") -> 0
A104: % Acumulada | N104: =SUM(B102:M102) -> 242 | O104: =SUM(B103:M103) -> 2

Sheet Base NEXE 
D1: =SUBTOTAL(3,D3:D2334) -> 977
A2: Grp.plnj.PM | B2: CenTrab respon. | C2: Tipo de ordem | D2: Ordem | E2: Texto breve | F2: Status sistema | G2: Loc.instalação | H2: Tipo ativid.PM | I2: Data-base fim | J2: Dt.referência | K2: Dt.real fim
A3: CF2 | B3: CFCOPD01 | C3: PM01 | D3: 10104924784 | E3: FI-INSPEÇÃO HIDRÁULICA MENSAL (1M) | F3: LIB IMPR CAPC NOLQ SCDM | G3: CORJ-CPED-LAER-MA01 | H3: NIM | I3: 42788 | J3: 42788
A4: CF2 | B4: CFCOPD01 | C4: PM01 | D4: 10104932221 | E4: FI - INSP. MEC. CHILLER METALPLAN (1M) | F4: LIB IMPR CAPC NOLQ SCDM | G4: CORJ-CPED-LAPE-MT01 | H4: NIM | I4: 42794 | J4: 42794
A5: CF2 | B5: CFCOPD03 | C5: PM01 | D5: 10104932213 | E5: FI - INSP. MEC. COMPRESSOR DE AR (1M) | F5: ENTE CONF IMPR CAPC MOME NOLQ SCDM | G5: CORJ-CPED-SECE-CO01 | H5: NIM | I5: 42790 | J5: 42790 | K5: 42781
A6: CF2 | B6: CFCOPD03 | C6: PM01 | D6: 10104949048 | E6: FI - INSP. LIMPEZA DA SUBSTAÇÃO (1M) | F6: LIB IMPR CAPC NOLQ SCDM | G6: CORJ-CPED-SECE-IF01 | H6: NIE | I6: 42786 | J6: 42786
A7: CF2 | B7: CFCOPD03 | C7: PM01 | D7: 10104925721 | E7: FI - INSP. SUBSTAÇÃO PRONCIPAL (1M) | F7: LIB IMPR CAPC NOLQ SCDM | G7: CORJ-CPED-SECE-IF01 | H7: NIE | I7: 42789 | J7: 42789
A8: CF2 | B8: CFCOPD03 | C8: PM01 | D8: 10104925735 | E8: FI - Inspeção Painel MT Schneider (1M) | F8: LIB IMPR CAPC NOLQ SCDM | G8: CORJ-CPED-SECE-SB01 | H8: NIE | I8: 42789 | J8: 42789
A9: CF2 | B9: CFCOPD03 | C9: PM01 | D9: 10104925731 | E9: FI - INSPEÇÃO POWER CENTER (1M) | F9: LIB IMPR CAPC NOLQ SCDM | G9: CORJ-CPED-SECE-SB02-PC1 | H9: NIE | I9: 42789 | J9: 42789
A10: CF2 | B10: CFCOPD03 | C10: PM01 | D10: 10104925722 | E10: FI - INSPEÇÃO PAINEL MT ABB (1M) | F10: LIB IMPR CAPC NOLQ SCDM | G10: CORJ-CPED-SECE-SB02-PD1 | H10: NIE | I10: 42789 | J10: 42789
A11: CF2 | B11: CFCOPD03 | C11: PM01 | D11: 10104925732 | E11: FI - INSPEÇÃO TRANSFORAMADOR MT ABB (1M) | F11: LIB IMPR CAPC NOLQ SCDM | G11: CORJ-CPED-SECE-SB02-TR1 | H11: NIE | I11: 42789 | J11: 42789
A12: CF2 | B12: CFCOPD02 | C12: PM01 | D12: 10104925757 | E12: FI-MEC. PONTE ROLANTE GH 20 t (1M) | F12: LIB IMPR CAPC NOLQ SCDM | G12: CORJ-CPED-TRAN-PR01 | H12: NIM | I12: 42789 | J12: 42789
A13: CF2 | B13: CFCOPD02 | C13: PM01 | D13: 10104925758 | E13: FI-MEC. PONTE ROLANTE GH 16 t (1M) | F13: LIB IMPR CAPC NOLQ SCDM | G13: CORJ-CPED-TRAN-PR02 | H13: NIE | I13: 42789 | J13: 42789
A14: CF2 | B14: CFCOPD01 | C14: PM02 | D14: 10104925880 | E14: FP-PREVENTIVA MECÂNICA MENSAL (1M) | F14: ABER IMPR CAPC DMNV SCDM | G14: CORJ-CPED-LAER-MA01 | H14: NIM | I14: 42789 | J14: 42789
A15: CF2 | B15: CFCOPD01 | C15: PM02 | D15: 10104925754 | E15: FP-PREVENTIVA ELÉTRICA MENSAL (1M) | F15: ABER IMPR CAPC DMNV SCDM | G15: CORJ-CPED-LAER-MA01 | H15: NIE | I15: 42789 | J15: 42789
A16: CF2 | B16: CFCOPD01 | C16: PM02 | D16: 10104923811 | E16: FP-PREVENTIVA ELÉTRICA SEMESTRAL (6M) | F16: ABER IMPR CAPC DMNV SCDM | G16: CORJ-CPED-LAER-MA01 | H16: NIE | I16: 42788 | J16: 42788
A17: CF2 | B17: CFCOPD01 | C17: PM02 | D17: 10104930949 | E17: FE-MÁQUINA FADIGA RESSONANTE (3M) | F17: ABER IMPR CAPC DMNV SCDM | G17: CORJ-CPED-LAER-MA02 | H17: NGE | I17: 42793 | J17: 42793
... A19: CF2 | B19: CFCOPD01 | C19: PM02 | D19: 10104928569 | E19: FE-GUINDASTE GIRATORIO STAHL 5T (1M) | F19: ABER IMPR CAPC DMNV SCDM | G19: CORJ-CPED-LAER-MB01-GU1 | H19: NGE | I19: 42791 | J19: 42791
A20: CF2 | B20: CFCOPD01 | C20: PM02 | D20: 10104930967 | E20: FE-MÁQUINA DE TRAÇÃO MTS (3M) | F20: ENTE CONF IMPR CAPC NOLQ SCDM | G20: CORJ-CPED-LAPE-MT01 | H20: NGE | I20: 42790 | J20: 42790 | K20: 42789
A21: CF2 | B21: CFCOPD01 | C21: PM02 | D21: 10104930981 | E21: FE-POLITRIZ SEMI AUTOMÁTIZADO PRESI (3M) | F21: ABER IMPR CAPC DMNV SCDM | G21: CORJ-CPED-LAPE-PO01 | H21: NGE | I21: 42793 | J21: 42793
A22: CF2 | B22: CFCOPD01 | C22: PM02 | D22: 10104930968 | E22: FE-ESTAÇÃO SOLDAGEM MULTI PROCESSO (3M) | F22: ABER IMPR CAPC DMNV SCDM | G22: CORJ-CPED-LASO-ES03 | H22: NGE | I22: 42793 | J22: 42793
A23: CF2 | B23: CFCOPD01 | C23: PM02 | D23: 10104930950 | E23: FE-ESTAÇÃO DE SOLDAGEM AUTO (ROBÔ) (3M) | F23: ENTE CONF IMPR CAPC NOLQ SCDM | G23: CORJ-CPED-LASO-ES05 | H23: NGE | I23: 42790 | J23: 42790 | K23: 42789
A24: CF2 | B24: CFCOPD01 | C24: PM02 | D24: 10104928568 | E24: FE-GUINDASTE GIRATÓRIO STAHL 3,5T (1M) | F24: ENTE CONF IMPR CAPC NOLQ SCDM | G24: CORJ-CPED-LASO-SC02-GU1 | H24: NGE | I24: 42790 | J24: 42790 | K24: 42789
A25: CF2 | B25: CFCOPD03 | C25: PM02 | D25: 10104932237 | E25: FP - PREV. SISTEMA AR COND. CENTRAL (1M) | F25: ABER IMPR CAPC DMNV SCDM | G25: CORJ-CPED-SECE-AC01 | H25: NIM | I25: 42794 | J25: 42794
A26: CF2 | B26: CFCOPD03 | C26: PM02 | D26: 10104928512 | E26: FP - MANUT. PREV. ELEVADOR PESSOAL (1M) | F26: ABER IMPR CAPC DMNV SCDM | G26: CORJ-CPED-SECE-EL01 | H26: NIM | I26: 42791 | J26: 42791
A27: CF2 | B27: CFCOPD03 | C27: PM02 | D27: 10104932236 | E27: FE - PLANO ESPOLETA SIST. COMB INCÊNDIO | F27: ABER IMPR CAPC DMNV SCDM | G27: CORJ-CPED-SECE-RA01-SC1 | H27: NGE | I27: 42794 | J27: 42794
A28: CF2 | B28: CFCOPD02 | C28: PM02 | D28: 10104924798 | E28: FP-MEC. PONTE ROLANTE GH 20 t (3M) | F28: ABER IMPR CAPC DMNV SCDM | G28: CORJ-CPED-TRAN-PR01 | H28: NIM | I28: 42788 | J28: 42788
A29: CF2 | B29: CFCOPD02 | C29: PM02 | D29: 10104928566 | E29: FE-PONTE ROLANTE GH 20 t (1M) | F29: ABER IMPR CAPC DMNV SCDM | G29: CORJ-CPED-TRAN-PR01 | H29: NGE | I29: 42791 | J29: 42791
A30: CF2 | B30: CFCOPD02 | C30: PM02 | D30: 10104923810 | E30: FP-MEC.PONTE ROLANTE GH 20 t (6M) | F30: ABER IMPR CAPC DMNV SCDM | G30: CORJ-CPED-TRAN-PR01 | H30: NIM | I30: 42788 | J30: 42788
A31: CF2 | B31: CFCOPD02 | C31: PM02 | D31: 10104923853 | E31: FP-ELE. PONTE ROLANTE GH 20 t (6M) | F31: ABER IMPR CAPC DMNV SCDM | G31: CORJ-CPED-TRAN-PR01 | H31: NIE | I31: 42788 | J31: 42788
A32: CF2 | B32: CFCOPD02 | C32: PM02 | D32: 10104928567 | E32: FE - PONTE ROLANTE GH 16 t (1M) | F32: ABER IMPR CAPC DMNV SCDM | G32: CORJ-CPED-TRAN-PR02 | H32: NGE | I32: 42791 | J32: 42791
A33: CF2 | B33: CFCOPD03 | C33: PM02 | D33: 10104932222 | E33: FP- PREVENTIVA MEC CARRETA DE TUBOS (3M) | F33: ABER IMPR CAPC DMNV SCDM | G33: CORJ-CPED-VEIC-CR01 | H33: NIM | I33: 42794 | J33: 42794
A34: CF2 | B34: CFCOPD03 | C34: PM02 | D34: 10104932214 | E34: FP- PREV. MEC. EMPILHADEIRA CLARK (1M) | F34: ABER IMPR CAPC DMNV SCDM | G34: CORJ-CPED-VEIC-EM01 | H34: NIM | I34: 42794 | J34: 42794
A35: CF4 | B35: CFCOGM06 | C35: PM01 | D35: 10104935238 | E35: FIP -MECÂNICA CARRO JATO INT (SEMESTRAL) | F35: ENTE CONF CAPC NOLQ SCDM | G35: COIN-REVS-REV3-PROC-CA1 | H35: NIM | I35: 42780 | J35: 42790 | K35: 42790
A36: CF4 | B36: CFCOGM06 | C36: PM01 | D36: 10104918245 | E36: FIP - ELÉTRICA DO JATO INT (SEMESTRAL) | F36: ENTE CONF CAPC NOLQ SCDM | G36: COIN-REVS-REV3-PROC-CA1 | H36: NIE | I36: 42780 | J36: 42787 | K36: 42787
A37: CF4 | B37: CFCOGM06 | C37: PM01 | D37: 10104916787 | E37: FIP - ELÉTRICA PINTURA EXT (SEMESTRAL) | F37: ENTE CONF CAPC NOLQ SCDM | G37: COIN-REVS-REV3-PROC-CA2 | H37: NIE | I37: 42779 | J37: 42787 | K37: 42787
A38: CF4 | B38: CFCOGM06 | C38: PM01 | D38: 10104916788 | E38: FIP - MECÂNICA PINTURA EXT (SEMESTRAL) | F38: ENTE CONF CAPC NOLQ SCDM | G38: COIN-REVS-REV3-PROC-CA2 | H38: NIM | I38: 42779 | J38: 42790 | K38: 42790
A39: CF4 | B39: CFCOGM06 | C39: PM01 | D39: 10104911396 | E39: FIP - ELÉTRICA MCC REVEST 3 (SEMESTRAL) | F39: ENTE CONF CAPC NOLQ SCDM | G39: COIN-REVS-REV3-PROC-MC1 | H39: NIE | I39: 42774 | J39: 42787 | K39: 42787
A40: CF4 | B40: CFCOGM06 | C40: PM01 | D40: 10104911397 | E40: FIP - ELÉTRICA PAINEL REV 3 (SEMESTRAL) | F40: ENTE CONF CAPC NOLQ SCDM | G40: COIN-REVS-REV3-PROC-PC1 | H40: NIE | I40: 42774 | J40: 42787 | K40: 42787
A41: CF4 | B41: CFCOGM06 | C41: PM01 | D41: 10104916789 | E41: FIP - MECÂNICA PINTURA EXT (SEMESTRAL) | F41: ENTE CONF CAPC NOLQ SCDM | G41: COIN-REVS-REV3-PROC-PI2 | H41: NIM | I41: 42779 | J41: 42790 | K41: 42790
A42: CF4 | B42: CFCOGM06 | C42: PM01 | D42: 10104918246 | E42: FIP - ELÉTRICA SECADOR TUBOS (SEMESTRAL) | F42: ENTE CONF CAPC NOLQ SCDM | G42: COIN-REVS-REV3-PROC-SE1 | H42: NIE | I42: 42780 | J42: 42787 | K42: 42787
A43: CF4 | B43: CFCOGM06 | C43: PM01 | D43: 10104916782 | E43: FIP - ELÉTRICA PLATAF ENTRADA JATO | F43: ENTE CONF CAPC NOLQ SCDM | G43: COIN-REVS-REV4-ENTR-P01 | H43: NIE | I43: 42782 | J43: 42787 | K43: 42787
A44: CF4 | B44: CFCOGM06 | C44: PM01 | D44: 10104930702 | E44: FIP - ELÉTRICA APLIC CROMATO (MENSAL) | F44: ENTE CONF CAPC NOLQ SCDM | G44: COIN-REVS-REV4-PROC-AC1 | H44: NIE | I44: 42787 | J44: 42787 | K44: 42787
A45: CF4 | B45: CFCOGM06 | C45: PM01 | D45: 10104918181 | E45: FIP - ELÉTRICA CABINE COLETORA (SEMEST) | F45: ENTE CONF CAPC NOLQ SCDM | G45: COIN-REVS-REV4-PROC-CB1 | H45: NIE | I45: 42780 | J45: 42788 | K45: 42788
A46: CF4 | B46: CFCOGM06 | C46: PM01 | D46: 10104906806 | E46: FIP - ELÉTRICA CABINE PRIMER (MENSAL) | F46: ENTE CONF CAPC NOLQ SCDM | G46: COIN-REVS-REV4-PROC-CB3 | H46: NIE | I46: 42773 | J46: 42788 | K46: 42788
... A81: CF4 | B81: CFCOGM06 | C81: PM01 | D81: 10104924826 | E81: FI - ELE-MESA ENT 4° PROC (6M) | F81: ENTE CONF CAPC NOLQ SCDM | G81: COPI-QPRO-RETU-HE01 | H81: NIE | I81: 42789 | J81: 42790 | K81: 42790
A82: CF4 | B82: CFCOGM06 | C82: PM02 | D82: 10104906272 | E82: PLANO DE LUBRICICAÇÃO - R3 - (ROTA 03) | F82: ENCE CAPC NEXE SCDM | G82: COIN-REVS-REV3 | H82: NLG | I82: 42770 | J82: 42790
A83: CF4 | B83: CFCOGM06 | C83: PM02 | D83: 10104914251 | E83: PLANO DE LUBRICICAÇÃO - R3 - (ROTA 04) | F83: ENCE CAPC NEXE SCDM | G83: COIN-REVS-REV3 | H83: NLG | I83: 42777 | J83: 42790
A84: CF4 | B84: CFCOGM06 | C84: PM02 | D84: 10104922368 | E84: PLANO DE LUBRICICAÇÃO - R3 - (ROTA 01) | F84: ENCE CAPC NEXE SCDM | G84: COIN-REVS-REV3 | H84: NLG | I84: 42784 | J84: 42790
A85: CF4 | B85: CFCOGM06 | C85: PM02 | D85: 10104930735 | E85: PLANO DE LUBRICICAÇÃO - R3 - (ROTA 02) | F85: ENCE CAPC NEXE SCDM | G85: COIN-REVS-REV3 | H85: NLG | I85: 42791 | J85: 42790
A86: CF4 | B86: CFCOGM06 | C86: PM02 | D86: 10104927266 | E86: FP-HANDLING DE ENTR. JATO EXT (M) | F86: ENCE CAPC NEXE SCDM | G86: COIN-REVS-REV3-ENTR-L01 | H86: NIE | I86: 42790 | J86: 42787
A87: CF4 | B87: CFCOGM06 | C87: PM02 | D87: 10104927312 | E87: FP-MEC | HANDLING ENTRADA (M) | F87: ENCE CAPC NEXE SCDM | G87: COIN-REVS-REV3-ENTR-P01 | H87: NIM | I87: 42790 | J87: 42790
A88: CF4 | B88: CFCOGM06 | C88: PM02 | D88: 10104927311 | E88: FP-ELE - Motor carro jato interno (M) | F88: ENCE CAPC NEXE SCDM | G88: COIN-REVS-REV3-PROC-CA1 | H88: NIE | I88: 42790 | J88: 42787
A89: CF4 | B89: CFCOGM06 | C89: PM02 | D89: 10104927267 | E89: FP-ELE - Motor Cabine Movél Jato Int. (M | F89: ENCE CAPC NEXE NOLQ SCDM | G89: COIN-REVS-REV3-PROC-CM1 | H89: NIE | I89: 42790 | J89: 42787
A90: CF4 | B90: CFCOGM06 | C90: PM02 | D90: 10104925850 | E90: FP-ELE | JATO 1 (M) | F90: ENCE CAPC NEXE SCDM | G90: COIN-REVS-REV3-PROC-JA1 | H90: NIE | I90: 42790 | J90: 42787
A91: CF4 | B91: CFCOGM06 | C91: PM02 | D91: 10104927257 | E91: FP-MEC | JATO EXTERNO REV 3 (M) | F91: ENCE CAPC NEXE SCDM | G91: COIN-REVS-REV3-PROC-JA1 | H91: NIM | I91: 42790 | J91: 42790
A92: CF4 | B92: CFCOGM06 | C92: PM02 | D92: 10104927270 | E92: FP-ELE |PLATAFORMA DE INSTEÇÃO (M) | F92: ENCE CAPC NEXE SCDM | G92: COIN-REVS-REV3-PROC-JA2 | H92: NIE | I92: 42790 | J92: 42787
A93: CF4 | B93: CFCOGM06 | C93: PM02 | D93: 10104927315 | E93: FP-ELE | JATO 2 (M) | F93: ENCE CAPC NEXE SCDM | G93: COIN-REVS-REV3-PROC-JA2 | H93: NIE | I93: 42790 | J93: 42787
... A104: CF4 | B104: CFCOGM06 | C104: PM02 | D104: 10104916735 | E104: FMP - ELÉTRICA CABINE PRIMER (MENSAL) | F104: ENCE CAPC NEXE SCDM | G104: COIN-REVS-REV4-PROC-CB3 | H104: NIE | I104: 42782 | J104: 42790
A105: CF4 | B105: CFCOGM06 | C105: PM02 | D105: 10104929730 | E105: FE - INSP. SEGURANÇA - SIST. CABINE CO2 | F105: ENTE CONF IMPR CAPC NOLQ SCDM | G105: COIN-REVS-REV4-PROC-CB3 | H105: NIS | I105: 42782 | J105: 42782 | K105: 42781
A106: CF4 | B106: CFCOGM06 | C106: PM02 | D106: 10104923338 | E106: FMP - ELÉTRICA ESTRUSORA UNION (MENSAL) | F106: ENCE CAPC NEXE SCDM | G106: COIN-REVS-REV4-PROC-ET1 | H106: OIE | I106: 42787 | J106: 42790
A107: CF4 | B107: CFCOGM06 | C107: PM02 | D107: 10104923340 | E107: FMP -ELÉTRICA EXTRUSORA ADESIVO (MENSAL) | F107: ENCE CAPC NEXE SCDM | G107: COIN-REVS-REV4-PROC-ET2 | H107: OIE | I107: 42787 | J107: 42790
A108: CF4 | B108: CFCOGM06 | C108: PM02 | D108: 10104886315 | E108: FMP - ELÉTRICA EXTRUSORA MEC (MENSAL) | F108: ENCE CAPC DNAT NEXE SCDM | G108: COIN-REVS-REV4-PROC-ET3 | H108: OIE | I108: 42787 | J108: 42790
A109: CF4 | B109: CFCOGM06 | C109: PM02 | D109: 10104922346 | E109: FMP - ELÉT EXTRUSORA NOVAMEC (MENSAL) | F109: ENCE CAPC NEXE SCDM | G109: COIN-REVS-REV4-PROC-ET3 | H109: OIE | I109: 42786 | J109: 42790
A110: CF4 | B110: CFCOGM06 | C110: PM02 | D110: 10104918232 | E110: FMP - ELÉT EXTRUSORA MEC (SEMEST) | F110: ENCE CAPC NEXE SCDM | G110: COIN-REVS-REV4-PROC-ET3 | H110: OIE | I110: 42780 | J110: 42790
A111: CF4 | B111: CFCOGM06 | C111: PM02 | D111: 10104893317 | E111: FMP - ELÉTRICA DO JATO I (MENSAL) | F111: ENCE CAPC NEXE SCDM | G111: COIN-REVS-REV4-PROC-JA1 | H111: OIE | I111: 42794 | J111: 42790
A112: CF4 | B112: CFCOGM06 | C112: PM02 | D112: 10104886317 | E112: FMP - ELETRICA DO JATO II (MENSAL) | F112: ENCE CAPC NEXE SCDM | G112: COIN-REVS-REV4-PROC-JA2 | H112: OIE | I112: 42787 | J112: 42790
A113: CF4 | B113: CFCOGM06 | C113: PM02 | D113: 10104907511 | E113: FMP - MECÂNICA DO JATO II (TRIMESTRAL) | F113: ENCE CAPC NEXE SCDM | G113: COIN-REVS-REV4-PROC-JA2 | H113: OIM | I113: 42771 | J113: 42790
A114: CF4 | B114: CFCOGM06 | C114: PM02 | D114: 10104923344 | E114: FMP - ELÉT. PISTOLAS PINTURA FBE(MENSAL) | F114: ENCE CAPC NEXE SCDM | G114: COIN-REVS-REV4-PROC-PI1 | H114: OIE | I114: 42787 | J114: 42790
A115: CF4 | B115: CFCOGM06 | C115: PM02 | D115: 10104925161 | E115: FMP - ELÉTRICA DO ROLO PRESSOR (MENSAL) | F115: ENCE CAPC NEXE SCDM | G115: COIN-REVS-REV4-PROC-RP1 | H115: OIE | I115: 42789 | J115: 42790
A116: CF4 | B116: CFCOGM06 | C116: PM02 | D116: 10104906810 | E116: FMP - MECÂNICA SISTEMA RESFRIAMENTO | F116: ENCE CAPC NEXE SCDM | G116: COIN-REVS-REV4-PROC-SR2 | H116: OIM | I116: 42773 | J116: 42790
A117: CF4 | B117: CFCOGM06 | C117: PM02 | D117: 10104947716 | E117: FMP-BALÃO PANGBORN - JATO INT (SEMANAL) | F117: ENCE CAPC NEXE SCDM | G117: COIN-REVS-REV3-PROC-JA2 | H117: OIM | I117: 42780 | J117: 42790
... A140: CF5 | B140: CFCOF4C2 | C140: PM01 | D140: 10104923795 | E140: FI-ELE-PRENSA O (1M) | F140: ENTE CAPC NOLQ SCDM | G140: COPI-MAUO-CEL1-PO02 | H140: NIE | I140: 42787 | J140: 42796
A141: CF5 | B141: CFCOF4C2 | C141: PM01 | D141: 10104910319 | E141: FI - MEC INSPEÇÃO NOVA PRENSA U (1M). | F141: ENTE CONF IMPR CAPC NOLQ SCDM | G141: COPI-MAUO-CEL1-PU02 | H141: NIM | I141: 42776 | J141: 42796 | K141: 42796
A142: CF5 | B142: CFCOF4C2 | C142: PM01 | D142: 10104910452 | E142: FI-ELE-PRENSA U (NOVA) (1M) | F142: ENTE CAPC NOLQ SCDM | G142: COPI-MAUO-CEL1-PU02 | H142: NIE | I142: 42776 | J142: 42796
A143: CF5 | B143: CFCOF4C1 | C143: PM01 | D143: 10104930722 | E143: FI-MEC.SELADORA (1M) | F143: ENTE CAPC NOLQ SCDM | G143: COPI-MAUO-CEL1-SC01 | H143: NIM | I143: 42793 | J143: 42796
A144: CF5 | B144: CFCOF4C3 | C144: PM01 | D144: 10104883864 | E144: FI-ELE-ESTUFA RESSECAGEM FLUXO 05 (2M) | F144: ENTE CAPC NOLQ SCDM | G144: COPI-MAUO-CEL2 | H144: NIE | I144: 42786 | J144: 42796
A145: CF5 | B145: CFCOF4C3 | C145: PM01 | D145: 10104883863 | E145: FI-ELE-ESTUFA RESSECAGEM FLUXO 04 (2M) | F145: ENTE CAPC NOLQ SCDM | G145: COPI-MAUO-CEL2 | H145: NIE | I145: 42786 | J145: 42796
A146: CF5 | B146: CFCOF4C3 | C146: PM01 | D146: 10104883860 | E146: FI-ELE-ESTUFA RESSECAGEM FLUXO 01 (2M) | F146: ENTE CAPC NOLQ SCDM | G146: COPI-MAUO-CEL2 | H146: NIE | I146: 42786 | J146: 42796
A147: CF5 | B147: CFCOF4C3 | C147: PM01 | D147: 10104883862 | E147: FI-ELE-ESTUFA RESSECAGEM FLUXO 03 (2M) | F147: ENTE IMPR CAPC NOLQ SCDM | G147: COPI-MAUO-CEL2 | H147: NIE | I147: 42786 | J147: 42796
A148: CF5 | B148: CFCOF4C3 | C148: PM01 | D148: 10104883861 | E148: FI-ELE-ESTUFA RESSECAGEM FLUXO 02 (2M) | F148: ENTE CAPC NOLQ SCDM | G148: COPI-MAUO-CEL2 | H148: NIE | I148: 42786 | J148: 42796
A149: CF5 | B149: CFCOF4C3 | C149: PM01 | D149: 10104883865 | E149: FI-ELE-ESTUFA RESSECAGEM FLUXO 06 (2M) | F149: ENTE CAPC NOLQ SCDM | G149: COPI-MAUO-CEL2 | H149: NIE | I149: 42786 | J149: 42796
A150: CF5 | B150: CFCOF4C4 | C150: PM01 | D150: 10104898856 | E150: FI-ELÉTRICA DA PLAT. 05 INSP. EXT.(1M) | F150: LIB IMPR CAPC NOLQ SCDM | G150: COPI-MAUO-CEL2-IV01 | H150: NIE | I150: 42770 | J150: 42770
A151: CF5 | B151: CFCOF4C4 | C151: PM01 | D151: 10104927078 | E151: FI-MEC.PRENSA DE TUBOS (1M) | F151: LIB CAPC NOLQ SCDM | G151: COPI-MAUO-CEL2-PS01 | H151: NIM | I151: 42790 | J151: 42790
A152: CF5 | B152: CFCOF4C3 | C152: PM01 | D152: 10104930693 | E152: FI-ELÉTRICA DA MAQ. SOLDA EXT A (1M). | F152: ENTE CONF IMPR CAPC NOLQ SCDM | G152: COPI-MAUO-CEL2-SE01 | H152: NIE | I152: 42790 | J152: 42790 | K152: 42789
A153: CF5 | B153: CFCOF4C3 | C153: PM01 | D153: 10104912828 | E153: FI-MECANICA SOLDA EXTERNA A (1M) | F153: LIB CAPC NOLQ SCDM | G153: COPI-MAUO-CEL2-SE01 | H153: NIM | I153: 42778 | J153: 42778
A154: CF5 | B154: CFCOF4C3 | C154: PM01 | D154: 10104912829 | E154: FI -MEC. SOLDA EXTERNA B(1M) | F154: LIB CAPC NOLQ SCDM | G154: COPI-MAUO-CEL2-SE02 | H154: NIM | I154: 42778 | J154: 42778
A155: CF5 | B155: CFCOF4C3 | C155: PM01 | D155: 10104930694 | E155: FI-ELÉTRICA DA SOLDA EXTERNA B (1M). | F155: ENTE CONF CAPC NOLQ SCDM | G155: COPI-MAUO-CEL2-SE02 | H155: NIE | I155: 42790 | J155: 42790 | K155: 42788
A156: CF5 | B156: CFCOF4C3 | C156: PM01 | D156: 10104912830 | E156: FI-MECANICA SOLDA EXTERNA C (1M) | F156: LIB CAPC NOLQ SCDM | G156: COPI-MAUO-CEL2-SE03 | H156: NIM | I156: 42778 | J156: 42778
A157: CF5 | B157: CFCOF4C3 | C157: PM01 | D157: 10104930695 | E157: FI-ELÉTRICA DA SOLDA EXTERNA C (1M). | F157: ENTE CONF CAPC NOLQ SCDM | G157: COPI-MAUO-CEL2-SE03 | H157: NIE | I157: 42790 | J157: 42790 | K157: 42788
A158: CF5 | B158: CFCOF4C3 | C158: PM01 | D158: 10104912831 | E158: FI-MECANICA SOLDA EXTERNA D(1M) | F158: LIB CAPC NOLQ SCDM | G158: COPI-MAUO-CEL2-SE04 | H158: NIM | I158: 42778 | J158: 42778
A159: CF5 | B159: CFCOF4C3 | C159: PM01 | D159: 10104930696 | E159: FI-ELÉTRICA DA MAQ. SOLDA EXTERNA D (1M) | F159: ENTE CONF CAPC NOLQ SCDM | G159: COPI-MAUO-CEL2-SE04 | H159: NIE | I159: 42790 | J159: 42790 | K159: 42790
A160: CF5 | B160: CFCOF4C3 | C160: PM01 | D160: 10104922410 | E160: FI-ELETRICA (1M). | F160: ENTE CONF IMPR CAPC NOLQ SCDM | G160: COPI-MAUO-CEL2-SI01 | H160: NIE | I160: 42786 | J160: 42788 | K160: 42788
A161: CF5 | B161: CFCOF4C3 | C161: PM01 | D161: 10104925261 | E161: FI-MECANICA SOLDA INTERNA A (1M) | F161: LIB CAPC NOLQ SCDM | G161: COPI-MAUO-CEL2-SI01 | H161: NIM | I161: 42789 | J161: 42789
A162: CF5 | B162: CFCOF4C3 | C162: PM01 | D162: 10104922411 | E162: FI-ELETRICA (1M). | F162: ENTE CONF IMPR CAPC NOLQ SCDM | G162: COPI-MAUO-CEL2-SI02 | H162: NIE | I162: 42786 | J162: 42788 | K162: 42788
A163: CF5 | B163: CFCOF4C3 | C163: PM01 | D163: 10104925262 | E163: FI-MECANICA SOLDA INTERNA B (1M) | F163: LIB CAPC NOLQ SCDM | G163: COPI-MAUO-CEL2-SI02 | H163: NIM | I163: 42789 | J163: 42789
A164: CF5 | B164: CFCOF4C3 | C164: PM01 | D164: 10104925263 | E164: FI-MECANICA SOLDA INTERNA C (1M) | F164: LIB CAPC NOLQ SCDM | G164: COPI-MAUO-CEL2-SI03 | H164: NIM | I164: 42789 | J164: 42789
A165: CF5 | B165: CFCOF4C3 | C165: PM01 | D165: 10104922412 | E165: FI-ELETRICA (1M). | F165: ENTE CONF IMPR CAPC NOLQ SCDM | G165: COPI-MAUO-CEL2-SI03 | H165: NIE | I165: 42786 | J165: 42788 | K165: 42788
A166: CF5 | B166: CFCOF4C3 | C166: PM01 | D166: 10104925264 | E166: FI-MECANICA SOLDA INTERNA D (1M) | F166: LIB CAPC NOLQ SCDM | G166: COPI-MAUO-CEL2-SI04 | H166: NIM | I166: 42789 | J166: 42789
A167: CF5 | B167: CFCOF4C3 | C167: PM01 | D167: 10104922413 | E167: FI-ELETRICA (1M). | F167: ENTE CONF IMPR CAPC NOLQ SCDM | G167: COPI-MAUO-CEL2-SI04 | H167: NIE | I167: 42786 | J167: 42788 | K167: 42788
...

Sheet Observações
A1: Indice de Execução de Preventivas
A2: Mês | B2: Area | C2: Indice % | D2: Motivo da Variação (Indice de Preventivas) | E2: Ação | F2: Responsável
A5: Jul 16 | B5: Conector | C5: 33.3
A6: Jul 16 | B6: Rev 03 | C6: 61.9
A7: Jul 16 | B7: Rev Ext. | C7: 0
A8: Jul 16 | B8: Pontes | C8: 39.8 | D8: HH do plano superior em 50% À M.O. disponivel. Pessoal trabalhando em manutenção preventiva PM11 | E8: Revissão do plano
A9: Jul 16 | B9: Veiculos | C9: 14.3
A10: Jul 16 | B10: CORJ | C10: 20
A11: Ago 16 | B11: Fab 04 | C11: 59.5 | D11: Preventivas sendo executadas com o 2 recursos do Grupo de RP em 1 semana da (01 a 06/08), Luiz Salgado e Ricardo Neves. Essa mão de obra não foi suficiente para garantir a execução das prevenivas mensais. Tivemos que reforçar o time com o GMB, deixando algumas inspeções sem execução.
A12: Ago 16 | B12: Fab 01 | C12: 29.7
A13: Ago 16 | B13: Pontes | C13: 38.5 | D13: HH do plano superior em 50% À M.O. disponivel. Pessoal trabalhando em manutenção preventiva PM11 | E13: Revissão do plano
A14: Ago 16 | B14: Veiculos | C14: 0
A15: Ago 16 | B15: Corj | C15: 22.2
A16: Set 16 | B16: Conector | C16: 61.5
A17: Set 16 | B17: Veiculos | C17: 0
A18: Out 16 | B18: Fab 01 | C18: 21.9
A19: Out 16 | B19: Pontes | C19: 18.7 | D19: HH do plano superior em 50% À M.O. disponivel. Funcionario de Férias Pessoal trabalhando em manutenção preventiva PM11 | E19: Revissão do plano
A20: Out 16 | B20: Veiculos | C20: 0
A21: Nov 16 | B21: Conector | C21: 66.7
A22: Nov 16 | B22: Pontes | C22: 24.7 | D22: HH do plano superior em 50% À M.O. disponivel. Pessoal trabalhando em manutenção preventiva PM11 | E22: Revissão do plano
A23: Nov 16 | B23: NDT | C23: 43.3
A24: Dez 16 | B24: Fab 04 | C24: 34 | D24: As fichas de inspeção elétrica da Formação não foram executadas por o recurdo estava no 3ºT, assim como as fichas de inspeção das Soldas Interas e Externas. O mês foi curto devido à ponte entre Natal e Ano Novo. As preventivas abertas não foram acertadas a tempo da geração do relatório, penalizando o indicador. Fichas anuais, semestrais estavam com a programação no mês, não foram reprogramadas e impactando também no indicador.
A25: Dez 16 | B25: Conector | C25: 20
A26: Dez 16 | B26: Pontes | C26: 10.1 | D26: HH do plano superior em 75% À M.O. disponivel. Funcionario de Férias. Pessoal trabalhando em manutenção preventiva PM11 | E26: Revissão do plano
A27: Dez 16 | B27: NDT | C27: 6.3
A28: Dez 16 | B28: Veiculos | C28: 42.9
A29: Jan 17 | B29: Rev Ext. | C29: 55.8
A30: Jan 17 | B30: NDT | C30: 41.4 | D30: HH do plano superior em 50% À M.O. disponivel. Pessoal trabalhando em manutenção preventiva PM11 | E30: Revissão do plano. Reorganização da equipe de trabalho.
A31: Jan 17 | B31: R & D | C31: 58.8
A32: Fev 17 | B32: Fab 04 | C32: 33.9
A33: Fev 17 | B33: Fab 01 | C33: 2.1
A34: Fev 17 | B34: Fab 10 | C34: 21.9
A35: Fev 17 | B35: Fab 06 | C35: 0
A36: Fev 17 | B36: Rev. Ext | C36: 39.5
A37: Fev 17 | B37: NDT | C37: 6.1
A38: Fev 17 | B38: R & D | C38: 12.5
