Workbook

Sheet Planilha1
A1: DATA | B1: Horas | C1: Projeto | D1: ATIVIDADES
A2: 42814 | B2: 5 | C2: Manutenção AUTM | D2: Instalação e Configuração de ferrramentas para desenvolvimento
A3: 42815 | B3: 5 | C3: Manutenção Laboratório | D3: Problema: Não está sendo exibido PIE para o lançamento dos ensaios de soldagem da REDE. Solução: Foi verificado que o PIE não estava sendo exibido porque os ensaios estavam se a fase de Entrada de CP.
A4: 42815 | B4: 4 | C4: Manutenção Laboratório | D4: Problema: Usuário informou que não realizou os ensaios exibidos em seu Login. Solução: Foi identificado que os ensaios foram lançados com o Login do usuário sem nenhuma ação automática do sistema.
A5: 42816 | B5: 3 | C5: Registro manual de Ensaio | D5: Análise e orçamento para o projeto Registro Manual de Ensaio
A6: 42816 | B6: 4 | C6: Configuração Servidor Lab | D6: Levantamento de necessidades para finalizar a configuração do novo servidor do Laboratório.
A7: 42816 | B7: 1.5 | C7: Manutenção AUTM | D7: Restruturação de pastas do projeto MESLAB no SVN para uma estrutura mais simples devido a vários problemas de referência de dll's.
A8: 42817 | B8: 5 | C8: Manutenção Laboratório | D8: Problema: Problemas de espaço em disco no servidor n3lab. Verificar o que pode ser feito para liberar espaço. Solução: Foi aplicado Shrink na base de dados MESLAB devido seu arquivo de log estar ocupando 153 GB.
A9: 42817 | B9: 4 | C9: Registro manual de Ensaio | D9: Projeto: Registro manual de Ensaio
A10: 42818 | B10: 9 | C10: Registro manual de Ensaio | D10: Projeto: Registro manual de Ensaio
A11: 42821 | B11: 9 | C11: Registro manual de Ensaio | D11: Projeto: Registro manual de Ensaio
A12: 42828 | B12: 9 | C12: Manutenção eQuality | D12: Sistema eQuality não está exibindo a quantidade correta de peças processadas na fábrica de conectores. Foi identificado que essas peças foram enviadas do nível 2 para o SRQ porém o mesmo não está devolvendo a quantidade correta devido ao cruzamento de peças processadas com peças inspecionadas. TI está verificando o que está ocorrendo.
A13: 42829 | B13: 9 | C13: Manutenção eQuality | D13: Reenvio dos dados de inspeções de Janeiro, Fevereiro e Março ao SRQ.
... A215: 43032 | B215: 8 | C215: Projeto Manutenção | D215: Implementação da funcionalidade de upload de arquivos de laudos.

Sheet Plan1
A1: DATA | B1: TOTAL H | C1: TOTAL H NORMAL | D1: TOTAL H EXTRA
A2: 42919 | B2: =SUMIF(Planilha1!$A$1:A$999999,A2,Planilha1!$B$1:$B$999999) -> 9.47 | C2: =IF(B2>=9,9,B2) -> 9 | D2: =IF(B2>9,B2-9,0) -> 0.47
A3: 42920 | B3: =SUMIF(Planilha1!$A$1:A$999999,A3,Planilha1!$B$1:$B$999999) -> 9 | C3: =IF(B3>=9,9,B3) -> 9 | D3: =IF(B3>9,B3-9,0) -> 0
A4: 42921 | B4: =SUMIF(Planilha1!$A$1:A$999999,A4,Planilha1!$B$1:$B$999999) -> 9.65 | C4: =IF(B4>=9,9,B4) -> 9 | D4: =IF(B4>9,B4-9,0) -> 0.65
A5: 42922 | B5: =SUMIF(Planilha1!$A$1:A$999999,A5,Planilha1!$B$1:$B$999999) -> 9 | C5: =IF(B5>=9,9,B5) -> 9 | D5: =IF(B5>9,B5-9,0) -> 0
A6: 42923 | B6: =SUMIF(Planilha1!$A$1:A$999999,A6,Planilha1!$B$1:$B$999999) -> 11.24 | C6: =IF(B6>=9,9,B6) -> 9 | D6: =IF(B6>9,B6-9,0) -> 2.24
A7: 42926 | B7: =SUMIF(Planilha1!$A$1:A$999999,A7,Planilha1!$B$1:$B$999999) -> 9 | C7: =IF(B7>=9,9,B7) -> 9 | D7: =IF(B7>9,B7-9,0) -> 0
A8: 42927 | B8: =SUMIF(Planilha1!$A$1:A$999999,A8,Planilha1!$B$1:$B$999999) -> 11.4 | C8: =IF(B8>=9,9,B8) -> 9 | D8: =IF(B8>9,B8-9,0) -> 2.4
A9: 42928 | B9: =SUMIF(Planilha1!$A$1:A$999999,A9,Planilha1!$B$1:$B$999999) -> 10.88 | C9: =IF(B9>=9,9,B9) -> 9 | D9: =IF(B9>9,B9-9,0) -> 1.88
A10: 42929 | B10: =SUMIF(Planilha1!$A$1:A$999999,A10,Planilha1!$B$1:$B$999999) -> 11.38 | C10: =IF(B10>=9,9,B10) -> 9 | D10: =IF(B10>9,B10-9,0) -> 2.38
A11: 42930 | B11: =SUMIF(Planilha1!$A$1:A$999999,A11,Planilha1!$B$1:$B$999999) -> 11.03 | C11: =IF(B11>=9,9,B11) -> 9 | D11: =IF(B11>9,B11-9,0) -> 2.03
A12: 42933 | B12: =SUMIF(Planilha1!$A$1:A$999999,A12,Planilha1!$B$1:$B$999999) -> 10.3 | C12: =IF(B12>=9,9,B12) -> 9 | D12: =IF(B12>9,B12-9,0) -> 1.3
A13: 42934 | B13: =SUMIF(Planilha1!$A$1:A$999999,A13,Planilha1!$B$1:$B$999999) -> 4.8 | C13: =IF(B13>=9,9,B13) -> 4.8 | D13: =IF(B13>9,B13-9,0) -> 0
... A22: 42947 | B22: =SUMIF(Planilha1!$A$1:A$999999,A22,Planilha1!$B$1:$B$999999) -> 9 | C22: =IF(B22>=9,9,B22) -> 9 | D22: =IF(B22>9,B22-9,0) -> 0
